framework,iteration,reward_mean,reward_std,reward_rolling
eqmarl,0,-0.9,1.8138357147217055,
eqmarl,1,-0.8,2.181742422927143,
eqmarl,2,-0.5,1.857417562100671,
eqmarl,3,-1.3,1.4177446878757827,
eqmarl,4,0.7,1.5524174696260022,
eqmarl,5,0.6,3.583294573433783,
eqmarl,6,-0.5,2.29128784747792,
eqmarl,7,0.9,2.662705391138869,
eqmarl,8,0.7,2.238302928559939,
eqmarl,9,-0.1,2.3853720883753127,-0.12
eqmarl,10,-0.4,1.9078784028338913,-0.07
eqmarl,11,0.4,3.006659275674582,0.049999999999999996
eqmarl,12,1.1,1.5779733838059502,0.21
eqmarl,13,-0.5,1.6881943016134133,0.29
eqmarl,14,0.2,1.7776388834631178,0.24000000000000005
eqmarl,15,1.1,1.972308292331602,0.29000000000000004
eqmarl,16,2.3,2.238302928559939,0.5700000000000001
eqmarl,17,-0.4,1.907878402833891,0.43999999999999995
eqmarl,18,1.1,2.5475478405713994,0.48
eqmarl,19,1.8,2.0396078054371136,0.67
eqmarl,20,0.3,1.9000000000000001,0.7400000000000001
eqmarl,21,-0.8,2.1354156504062622,0.6200000000000001
eqmarl,22,1.4,1.624807680927192,0.65
eqmarl,23,-0.8,2.5219040425836985,0.6200000000000001
eqmarl,24,0.5,1.8027756377319946,0.6500000000000001
eqmarl,25,0.4,1.9078784028338913,0.58
eqmarl,26,0.6,1.9078784028338913,0.41
eqmarl,27,1.9,2.1656407827707715,0.64
eqmarl,28,0.7,2.491987158875423,0.6
eqmarl,29,1.5,3.3541019662496847,0.5700000000000001
eqmarl,30,0.5,2.8722813232690143,0.5900000000000001
eqmarl,31,2.2,2.4819347291981715,0.8900000000000001
eqmarl,32,-0.9,2.071231517720798,0.66
eqmarl,33,0.4,2.2891046284519194,0.7800000000000001
eqmarl,34,0.3,1.8466185312619385,0.7600000000000001
eqmarl,35,0.8,1.661324772583615,0.8
eqmarl,36,1.5,1.6278820596099706,0.8900000000000002
eqmarl,37,0.6,1.2,0.76
eqmarl,38,0.5,1.6278820596099706,0.7400000000000002
eqmarl,39,0.4,2.2891046284519194,0.6300000000000001
eqmarl,40,0.1,2.7367864366808017,0.5900000000000001
eqmarl,41,-0.2,2.227105745132009,0.35
eqmarl,42,0.2,2.227105745132009,0.4600000000000001
eqmarl,43,1.6,2.4979991993593593,0.5800000000000001
eqmarl,44,1.7,1.7349351572897471,0.7200000000000001
eqmarl,45,1.6,2.9393876913398143,0.8000000000000002
eqmarl,46,1.4,2.0591260281974,0.7900000000000001
eqmarl,47,1.3,1.1874342087037917,0.8600000000000001
eqmarl,48,1.7,2.968164415931166,0.9800000000000001
eqmarl,49,0.1,2.1656407827707715,0.9500000000000002
eqmarl,50,0.6,0.9165151389911681,1.0000000000000002
eqmarl,51,1.1,3.176476034853718,1.1300000000000003
eqmarl,52,0.9,3.5902646142032486,1.2000000000000004
eqmarl,53,0.9,2.7,1.1300000000000001
eqmarl,54,-0.2,1.7776388834631178,0.9400000000000001
eqmarl,55,1.4,1.7435595774162693,0.9199999999999999
eqmarl,56,0.7,1.1874342087037917,0.85
eqmarl,57,0.7,1.345362404707371,0.7899999999999999
eqmarl,58,1.1,2.3,0.7299999999999999
eqmarl,59,0.0,2.449489742783178,0.7199999999999999
eqmarl,60,1.7,2.051828452868319,0.8300000000000001
eqmarl,61,1.9,2.8792360097775935,0.9100000000000001
eqmarl,62,1.0,2.280350850198276,0.92
eqmarl,63,2.7,2.147091055358389,1.1
eqmarl,64,1.2,1.7776388834631178,1.2400000000000002
eqmarl,65,1.1,1.57797338380595,1.2100000000000002
eqmarl,66,0.8,1.5362291495737217,1.2200000000000002
eqmarl,67,0.9,2.118962010041709,1.2400000000000002
eqmarl,68,1.1,2.8442925306655784,1.2400000000000002
eqmarl,69,1.4,1.562049935181331,1.3800000000000001
eqmarl,70,1.4,2.576819745345025,1.3499999999999999
eqmarl,71,1.3,0.45825756949558405,1.2899999999999996
eqmarl,72,1.1,3.014962686336267,1.3
eqmarl,73,2.0,2.7202941017470885,1.2300000000000002
eqmarl,74,1.3,2.193171219946131,1.2400000000000002
eqmarl,75,0.4,1.9078784028338913,1.17
eqmarl,76,1.0,1.6733200530681511,1.19
eqmarl,77,0.5,1.5,1.1500000000000001
eqmarl,78,1.8,2.4413111231467406,1.22
eqmarl,79,2.1,1.57797338380595,1.29
eqmarl,80,1.3,2.2825424421026654,1.2800000000000002
eqmarl,81,1.6,2.0591260281974,1.3100000000000005
eqmarl,82,0.9,1.9723082923316022,1.2900000000000003
eqmarl,83,1.6,2.244994432064365,1.25
eqmarl,84,2.1,2.7,1.33
eqmarl,85,2.4,2.1999999999999997,1.53
eqmarl,86,0.3,2.3685438564654024,1.4600000000000002
eqmarl,87,2.6,1.9595917942265424,1.6700000000000002
eqmarl,88,1.9,2.0223748416156684,1.68
eqmarl,89,2.7,2.6476404589747453,1.74
eqmarl,90,2.1,3.2388269481403293,1.82
eqmarl,91,1.4,2.4576411454889016,1.8
eqmarl,92,2.3,2.147091055358389,1.94
eqmarl,93,-0.1,2.0712315177207983,1.7699999999999998
eqmarl,94,1.7,2.3685438564654024,1.7299999999999998
eqmarl,95,1.7,1.4177446878757824,1.6599999999999997
eqmarl,96,1.2,2.039607805437114,1.7499999999999996
eqmarl,97,2.3,2.968164415931166,1.7199999999999998
eqmarl,98,1.4,2.33238075793812,1.6699999999999997
eqmarl,99,1.1,1.9209372712298547,1.51
eqmarl,100,2.8,3.2186953878862163,1.58
eqmarl,101,1.7,2.4919871588754225,1.61
eqmarl,102,1.3,1.7916472867168918,1.5099999999999998
eqmarl,103,2.7,3.1,1.79
eqmarl,104,0.6,2.615339366124404,1.6800000000000002
eqmarl,105,1.5,2.247220505424423,1.6599999999999997
eqmarl,106,1.9,1.445683229480096,1.73
eqmarl,107,2.2,2.4000000000000004,1.72
eqmarl,108,2.2,1.6,1.7999999999999998
eqmarl,109,2.3,2.6851443164195103,1.92
eqmarl,110,2.4,1.9078784028338915,1.8800000000000001
eqmarl,111,0.9,2.2561028345356955,1.8
eqmarl,112,1.9,3.3896902513356584,1.86
eqmarl,113,2.5,2.1095023109728985,1.84
eqmarl,114,1.6,2.154065922853802,1.94
eqmarl,115,1.0,1.4832396974191326,1.8900000000000001
eqmarl,116,1.5,2.4186773244895647,1.85
eqmarl,117,1.8,2.3579652245103193,1.8099999999999998
eqmarl,118,2.2,1.98997487421324,1.81
eqmarl,119,2.5,2.7658633371878665,1.83
eqmarl,120,2.1,2.7730849247724096,1.8
eqmarl,121,0.7,1.3453624047073711,1.78
eqmarl,122,2.2,2.3151673805580453,1.81
eqmarl,123,2.1,1.3,1.77
eqmarl,124,2.8,2.181742422927143,1.8900000000000001
eqmarl,125,2.7,2.5317977802344322,2.06
eqmarl,126,3.5,2.6172504656604803,2.2600000000000002
eqmarl,127,0.9,2.3430749027719964,2.17
eqmarl,128,1.0,1.61245154965971,2.0500000000000003
eqmarl,129,2.6,2.0099751242241783,2.0600000000000005
eqmarl,130,2.5,1.4317821063276353,2.1000000000000005
eqmarl,131,2.2,2.4,2.2500000000000004
eqmarl,132,2.7,2.0518284528683193,2.3000000000000003
eqmarl,133,2.3,2.451530134426253,2.32
eqmarl,134,1.9,1.374772708486752,2.23
eqmarl,135,1.7,2.4919871588754225,2.13
eqmarl,136,4.8,3.340658617698013,2.26
eqmarl,137,2.9,3.419064199455751,2.46
eqmarl,138,2.1,2.6627053911388696,2.57
eqmarl,139,3.9,2.3853720883753127,2.6999999999999997
eqmarl,140,2.7,1.9000000000000001,2.72
eqmarl,141,3.3,1.4866068747318506,2.83
eqmarl,142,3.5,3.0413812651491097,2.91
eqmarl,143,2.9,2.981610303175115,2.97
eqmarl,144,2.3,1.7916472867168918,3.0100000000000002
eqmarl,145,3.3,1.8466185312619385,3.1700000000000004
eqmarl,146,1.9,3.1448370387032774,2.8800000000000003
eqmarl,147,3.1,2.3,2.9000000000000004
eqmarl,148,3.8,2.2715633383201093,3.07
eqmarl,149,2.9,1.6401219466856727,2.97
eqmarl,150,2.6,3.006659275674582,2.96
eqmarl,151,2.8,2.3579652245103193,2.9099999999999997
eqmarl,152,3.1,3.3,2.87
eqmarl,153,3.3,3.0016662039607267,2.91
eqmarl,154,2.3,2.0518284528683193,2.91
eqmarl,155,3.5,3.263433774416144,2.93
eqmarl,156,2.6,2.1999999999999997,3.0
eqmarl,157,2.9,3.9102429592034307,2.9800000000000004
eqmarl,158,4.0,4.049691346263317,3.0000000000000004
eqmarl,159,3.5,3.1064449134018135,3.0600000000000005
eqmarl,160,3.2,2.2715633383201093,3.12
eqmarl,161,3.4,2.9393876913398134,3.1800000000000006
eqmarl,162,4.3,5.831809324729333,3.3000000000000003
eqmarl,163,3.1,2.808914381037628,3.2800000000000002
eqmarl,164,3.3,3.4365680554879163,3.380000000000001
eqmarl,165,3.3,2.451530134426253,3.3600000000000003
eqmarl,166,4.8,3.9949968710876362,3.5800000000000005
eqmarl,167,2.1,3.176476034853718,3.5000000000000004
eqmarl,168,3.8,2.785677655436824,3.48
eqmarl,169,4.1,2.0223748416156684,3.54
eqmarl,170,3.1,2.256102834535696,3.5300000000000002
eqmarl,171,2.6,3.2924155266308657,3.45
eqmarl,172,1.8,3.3105890714493698,3.2000000000000006
eqmarl,173,3.5,1.91049731745428,3.24
eqmarl,174,4.5,3.6945906403822333,3.3600000000000003
eqmarl,175,2.9,2.5865034312755126,3.3200000000000003
eqmarl,176,3.2,4.707440918375928,3.16
eqmarl,177,2.6,2.009975124224178,3.21
eqmarl,178,3.8,3.4,3.21
eqmarl,179,3.5,2.9068883707497264,3.15
eqmarl,180,5.0,3.286335345030997,3.3400000000000003
eqmarl,181,4.3,3.2878564445547194,3.5100000000000002
eqmarl,182,3.5,1.5652475842498528,3.6800000000000006
eqmarl,183,3.8,2.821347195933177,3.7100000000000004
eqmarl,184,4.5,4.129164564412516,3.7100000000000004
eqmarl,185,3.9,3.0479501308256336,3.8100000000000005
eqmarl,186,3.4,2.8354893757515653,3.83
eqmarl,187,5.3,4.8999999999999995,4.1
eqmarl,188,6.3,5.348831648126533,4.3500000000000005
eqmarl,189,3.1,2.2113344387495983,4.3100000000000005
eqmarl,190,5.2,3.9191835884530852,4.33
eqmarl,191,4.3,2.3259406699226015,4.33
eqmarl,192,4.9,5.337602458033007,4.470000000000001
eqmarl,193,5.1,3.505709628591621,4.6000000000000005
eqmarl,194,3.6,2.4166091947189146,4.510000000000001
eqmarl,195,4.1,2.913760456866693,4.530000000000001
eqmarl,196,4.3,4.050925820105818,4.62
eqmarl,197,4.5,5.044799302251775,4.54
eqmarl,198,4.2,4.044749683231338,4.33
eqmarl,199,4.8,3.1559467676119,4.5
eqmarl,200,2.8,2.6758176320519302,4.260000000000001
eqmarl,201,4.5,4.006245124802026,4.28
eqmarl,202,4.1,2.467792535850613,4.2
eqmarl,203,6.1,3.8587562763149474,4.3
eqmarl,204,3.4,4.6946778377222005,4.28
eqmarl,205,4.6,3.411744421846396,4.33
eqmarl,206,4.2,3.8157568056677826,4.32
eqmarl,207,6.4,3.9038442591886273,4.51
eqmarl,208,4.2,1.8867962264113207,4.51
eqmarl,209,4.1,2.5865034312755126,4.44
eqmarl,210,4.9,3.0479501308256345,4.65
eqmarl,211,4.4,3.7202150475476548,4.640000000000001
eqmarl,212,5.5,4.410215414239989,4.78
eqmarl,213,5.3,3.3778691508109073,4.700000000000001
eqmarl,214,5.2,3.4292856398964497,4.880000000000001
eqmarl,215,5.9,3.726929030716845,5.01
eqmarl,216,4.3,3.407345007480164,5.02
eqmarl,217,3.3,3.0347981810987035,4.710000000000001
eqmarl,218,4.7,2.4103941586387903,4.76
eqmarl,219,7.3,4.172529209005013,5.08
eqmarl,220,5.0,3.1304951684997055,5.09
eqmarl,221,4.3,3.2878564445547194,5.08
eqmarl,222,7.1,4.5265881191025095,5.24
eqmarl,223,6.2,2.4819347291981715,5.33
eqmarl,224,6.1,5.262128846769147,5.42
eqmarl,225,7.3,5.119570294468081,5.5600000000000005
eqmarl,226,6.9,5.374941860150675,5.820000000000001
eqmarl,227,6.9,3.419064199455752,6.1800000000000015
eqmarl,228,5.8,3.1240998703626612,6.290000000000001
eqmarl,229,4.7,4.050925820105819,6.03
eqmarl,230,7.0,4.404543109109048,6.23
eqmarl,231,5.9,4.346262762420147,6.39
eqmarl,232,7.5,4.863126566315131,6.43
eqmarl,233,5.8,4.578209256903839,6.39
eqmarl,234,7.7,4.817675788178361,6.550000000000001
eqmarl,235,6.2,3.944616584663205,6.44
eqmarl,236,5.9,5.61159513863928,6.340000000000001
eqmarl,237,5.4,3.0724582991474434,6.1899999999999995
eqmarl,238,6.1,3.8587562763149474,6.220000000000001
eqmarl,239,6.0,4.171330722922842,6.35
eqmarl,240,5.7,3.63455636907725,6.220000000000001
eqmarl,241,7.7,3.9000000000000004,6.4
eqmarl,242,5.3,3.0675723300355937,6.180000000000001
eqmarl,243,9.9,5.503635162326806,6.590000000000001
eqmarl,244,5.8,5.075431016179808,6.400000000000001
eqmarl,245,6.2,3.8418745424597094,6.4
eqmarl,246,8.4,2.9393876913398134,6.65
eqmarl,247,6.2,4.935585071701227,6.73
eqmarl,248,6.5,4.006245124802026,6.7700000000000005
eqmarl,249,6.1,3.7802116342871597,6.780000000000001
eqmarl,250,6.4,4.1036569057366385,6.850000000000001
eqmarl,251,7.4,3.1685959035509716,6.820000000000002
eqmarl,252,8.4,4.5431266766402185,7.130000000000001
eqmarl,253,3.7,2.6476404589747453,6.510000000000001
eqmarl,254,7.9,2.8792360097775935,6.72
eqmarl,255,7.7,3.551056180912941,6.870000000000001
eqmarl,256,6.5,4.295346318982906,6.6800000000000015
eqmarl,257,5.9,4.459820624195552,6.65
eqmarl,258,7.3,3.579106033634656,6.73
eqmarl,259,8.3,4.712748667179271,6.950000000000001
eqmarl,260,7.0,4.404543109109048,7.010000000000001
eqmarl,261,7.5,3.8275318418009276,7.0200000000000005
eqmarl,262,7.5,4.631414470763764,6.930000000000001
eqmarl,263,9.5,3.556683848755748,7.51
eqmarl,264,8.5,4.631414470763764,7.57
eqmarl,265,7.5,4.153311931459037,7.550000000000001
eqmarl,266,9.0,4.381780460041329,7.800000000000001
eqmarl,267,10.3,4.172529209005013,8.24
eqmarl,268,9.7,4.539823785126467,8.48
eqmarl,269,9.3,4.196427051671457,8.58
eqmarl,270,9.0,5.2345009313209605,8.780000000000001
eqmarl,271,8.3,3.55105618091294,8.860000000000001
eqmarl,272,7.7,3.5791060336346563,8.88
eqmarl,273,8.1,4.948737212663449,8.74
eqmarl,274,9.9,4.4821869662029945,8.88
eqmarl,275,8.9,3.986226285598949,9.020000000000001
eqmarl,276,8.2,5.2687759489277965,8.940000000000001
eqmarl,277,10.3,5.367494760127857,8.940000000000001
eqmarl,278,6.7,3.9000000000000004,8.640000000000002
eqmarl,279,8.4,4.476605857119878,8.55
eqmarl,280,8.8,5.635601121442148,8.530000000000001
eqmarl,281,10.5,4.080441152620633,8.75
eqmarl,282,8.6,5.902541825349483,8.84
eqmarl,283,9.3,3.9255572852781047,8.959999999999999
eqmarl,284,10.3,5.532630477449222,9.0
eqmarl,285,10.2,5.325410782277739,9.129999999999999
eqmarl,286,7.5,4.031128874149275,9.06
eqmarl,287,9.1,5.243090691567332,8.940000000000001
eqmarl,288,9.3,4.172529209005013,9.200000000000001
eqmarl,289,9.3,5.197114584074513,9.29
eqmarl,290,9.2,5.173006862551025,9.33
eqmarl,291,8.7,4.539823785126467,9.149999999999999
eqmarl,292,6.5,4.05585995813465,8.94
eqmarl,293,11.1,3.858756276314947,9.12
eqmarl,294,10.7,4.980963762164908,9.160000000000002
eqmarl,295,9.5,4.738143096192854,9.09
eqmarl,296,11.4,3.3226495451672298,9.480000000000002
eqmarl,297,10.7,6.132699242584786,9.640000000000002
eqmarl,298,10.4,5.571355310873647,9.75
eqmarl,299,12.8,5.1536394906900505,10.100000000000001
eqmarl,300,11.5,3.3541019662496847,10.330000000000002
eqmarl,301,12.2,6.289674077406556,10.680000000000001
eqmarl,302,9.1,3.2388269481403293,10.940000000000001
eqmarl,303,10.6,5.257375771237966,10.890000000000002
eqmarl,304,10.4,6.829348431585549,10.86
eqmarl,305,8.8,6.079473661428266,10.790000000000001
eqmarl,306,9.9,3.8845849199110063,10.64
eqmarl,307,10.2,4.354308211415448,10.59
eqmarl,308,10.0,4.404543109109048,10.55
eqmarl,309,10.0,4.58257569495584,10.27
eqmarl,310,9.7,3.2878564445547194,10.090000000000002
eqmarl,311,10.6,5.332916650389354,9.930000000000001
eqmarl,312,11.5,6.606814663663572,10.17
eqmarl,313,11.2,4.955804677345546,10.229999999999999
eqmarl,314,11.3,5.197114584074513,10.32
eqmarl,315,11.6,3.32264954516723,10.6
eqmarl,316,12.6,4.1036569057366385,10.870000000000001
eqmarl,317,11.8,4.621688003316538,11.03
eqmarl,318,13.0,3.4641016151377544,11.330000000000002
eqmarl,319,10.9,4.867237409455183,11.420000000000002
eqmarl,320,12.2,3.249615361854384,11.670000000000002
eqmarl,321,12.1,4.346262762420146,11.82
eqmarl,322,11.1,5.107837115648853,11.780000000000001
eqmarl,323,11.3,4.495553358597805,11.790000000000001
eqmarl,324,13.3,3.551056180912941,11.99
eqmarl,325,11.2,5.455272678794342,11.95
eqmarl,326,11.8,5.344155686354955,11.87
eqmarl,327,10.7,5.404627646748664,11.76
eqmarl,328,11.8,3.919183588453085,11.639999999999999
eqmarl,329,12.8,5.455272678794342,11.830000000000002
eqmarl,330,13.9,3.0149626863362675,12.0
eqmarl,331,12.0,4.898979485566356,11.990000000000002
eqmarl,332,11.1,4.1340053217188775,11.989999999999998
eqmarl,333,11.9,3.6728735344413916,12.049999999999999
eqmarl,334,13.1,5.430469592954186,12.030000000000001
eqmarl,335,11.1,5.08822169328342,12.020000000000001
eqmarl,336,13.6,2.90516780926679,12.2
eqmarl,337,13.3,5.040833264451424,12.46
eqmarl,338,12.4,4.521061822182927,12.52
eqmarl,339,14.2,4.28485705712571,12.660000000000002
eqmarl,340,13.3,5.78013840664737,12.600000000000001
eqmarl,341,10.8,4.621688003316538,12.480000000000002
eqmarl,342,14.2,3.893584466786357,12.790000000000001
eqmarl,343,14.8,3.815756805667782,13.080000000000002
eqmarl,344,12.6,5.238320341483519,13.030000000000001
eqmarl,345,15.7,3.7696153649941526,13.49
eqmarl,346,13.5,4.4328320518603,13.48
eqmarl,347,13.7,4.337049688440288,13.52
eqmarl,348,13.1,5.974110812497539,13.590000000000002
eqmarl,349,11.3,6.466065264130884,13.3
eqmarl,350,14.3,5.496362433464518,13.400000000000002
eqmarl,351,12.8,5.2687759489277965,13.600000000000001
eqmarl,352,12.2,3.7894590642992836,13.4
eqmarl,353,12.7,5.020956084253276,13.19
eqmarl,354,12.1,5.7523908073078625,13.14
eqmarl,355,12.6,5.660388679233963,12.83
eqmarl,356,10.6,5.332916650389354,12.54
eqmarl,357,12.1,5.223983154643591,12.380000000000003
eqmarl,358,12.6,3.97994974842648,12.33
eqmarl,359,13.6,4.82078831727758,12.56
eqmarl,360,15.1,4.437341546466758,12.64
eqmarl,361,14.2,3.7363083384538807,12.78
eqmarl,362,14.2,3.736308338453881,12.98
eqmarl,363,13.2,5.095095681142799,13.030000000000001
eqmarl,364,13.8,5.436910887627275,13.200000000000001
eqmarl,365,13.6,5.023942674832188,13.3
eqmarl,366,11.7,6.017474553332153,13.41
eqmarl,367,13.3,6.165225056719342,13.53
eqmarl,368,14.3,4.980963762164909,13.7
eqmarl,369,14.7,5.386093203798092,13.81
eqmarl,370,12.7,4.69148164229596,13.57
eqmarl,371,13.8,4.621688003316537,13.530000000000001
eqmarl,372,14.8,5.723635208501674,13.590000000000002
eqmarl,373,15.0,2.932575659723036,13.770000000000001
eqmarl,374,14.6,3.8262252939417984,13.850000000000001
eqmarl,375,16.0,5.157518783291051,14.090000000000002
eqmarl,376,13.9,5.3188344587888805,14.31
eqmarl,377,15.1,6.7,14.490000000000002
eqmarl,378,12.6,4.94368283772331,14.32
eqmarl,379,12.3,5.692978130996113,14.080000000000002
eqmarl,380,16.4,3.6110940170535573,14.450000000000001
eqmarl,381,13.4,5.083306010855534,14.410000000000002
eqmarl,382,14.7,4.648655719667783,14.400000000000002
eqmarl,383,14.0,4.774934554525329,14.3
eqmarl,384,15.7,6.261788881781307,14.410000000000002
eqmarl,385,14.1,4.158124577258358,14.220000000000002
eqmarl,386,14.6,6.248199740725324,14.29
eqmarl,387,15.8,6.462197768561405,14.360000000000001
eqmarl,388,15.3,4.517742799230607,14.629999999999999
eqmarl,389,11.9,6.0074953183502355,14.590000000000002
eqmarl,390,14.2,4.308131845707604,14.370000000000001
eqmarl,391,13.5,6.119640512317697,14.38
eqmarl,392,14.3,4.754997371187496,14.34
eqmarl,393,13.4,5.219195340279955,14.28
eqmarl,394,14.3,4.337049688440288,14.139999999999999
eqmarl,395,12.2,5.075431016179809,13.950000000000001
eqmarl,396,14.4,5.624944444170094,13.93
eqmarl,397,15.8,4.28485705712571,13.93
eqmarl,398,15.0,5.176871642217914,13.9
eqmarl,399,15.9,4.90815647672321,14.3
eqmarl,400,14.6,5.8,14.34
eqmarl,401,14.0,6.131883886702357,14.390000000000002
eqmarl,402,17.2,3.6823905279043943,14.680000000000003
eqmarl,403,16.5,4.5661800227323495,14.990000000000004
eqmarl,404,14.4,4.758150901348128,15.0
eqmarl,405,14.7,3.4942810419312296,15.250000000000002
eqmarl,406,15.8,3.709447398198282,15.39
eqmarl,407,16.0,4.919349550499537,15.41
eqmarl,408,13.3,4.605431575867782,15.24
eqmarl,409,15.6,5.180733538795447,15.21
eqmarl,410,15.4,4.543126676640219,15.290000000000003
eqmarl,411,15.5,5.024937810560445,15.440000000000001
eqmarl,412,15.7,5.386093203798093,15.290000000000003
eqmarl,413,16.2,4.166533331199932,15.260000000000002
eqmarl,414,14.4,5.083306010855534,15.260000000000003
eqmarl,415,14.8,5.114684741017769,15.270000000000001
eqmarl,416,16.6,2.835489375751565,15.35
eqmarl,417,15.1,3.7,15.26
eqmarl,418,14.8,5.173006862551025,15.410000000000002
eqmarl,419,16.3,4.473253849269009,15.480000000000002
eqmarl,420,15.0,3.63318042491699,15.440000000000001
eqmarl,421,14.8,4.237924020083418,15.370000000000003
eqmarl,422,13.3,5.23545604508337,15.130000000000003
eqmarl,423,16.2,6.063002556489648,15.130000000000003
eqmarl,424,17.0,3.9496835316262997,15.39
eqmarl,425,14.6,5.043808085167397,15.370000000000001
eqmarl,426,16.8,3.4292856398964493,15.39
eqmarl,427,15.2,4.190465367951393,15.400000000000002
eqmarl,428,14.7,4.712748667179271,15.390000000000002
eqmarl,429,15.6,3.97994974842648,15.32
eqmarl,430,16.1,5.243090691567332,15.430000000000003
eqmarl,431,16.8,4.874423042781577,15.630000000000003
eqmarl,432,16.8,4.5563142999578075,15.98
eqmarl,433,16.2,4.214261501141095,15.98
eqmarl,434,16.9,5.769748694700663,15.97
eqmarl,435,16.3,4.196427051671457,16.14
eqmarl,436,16.8,4.354308211415448,16.14
eqmarl,437,15.1,6.394528911499267,16.130000000000003
eqmarl,438,15.2,5.075431016179808,16.180000000000003
eqmarl,439,17.1,4.182104733265297,16.330000000000002
eqmarl,440,15.0,4.8166378315169185,16.22
eqmarl,441,16.6,4.6303347611160905,16.200000000000003
eqmarl,442,16.6,4.737087712930805,16.18
eqmarl,443,16.8,3.487119154832539,16.240000000000002
eqmarl,444,16.9,3.014962686336267,16.240000000000002
eqmarl,445,16.5,4.05585995813465,16.26
eqmarl,446,17.2,2.9933259094191533,16.3
eqmarl,447,15.9,3.986226285598949,16.380000000000003
eqmarl,448,16.5,3.0083217912982647,16.51
eqmarl,449,17.4,4.1521078984053394,16.54
eqmarl,450,17.3,3.579106033634656,16.77
eqmarl,451,15.0,3.5777087639996634,16.61
eqmarl,452,15.7,4.24381903478459,16.52
eqmarl,453,17.6,2.6532998322843198,16.6
eqmarl,454,15.6,3.583294573433783,16.47
eqmarl,455,17.7,4.712748667179271,16.59
eqmarl,456,16.5,5.162363799656123,16.52
eqmarl,457,17.9,3.7269290307168443,16.72
eqmarl,458,18.8,4.019950248448357,16.95
eqmarl,459,18.5,3.4713109915419564,17.060000000000002
eqmarl,460,17.4,3.2924155266308657,17.07
eqmarl,461,16.5,4.780167361086848,17.220000000000002
eqmarl,462,16.5,3.4132096331752027,17.3
eqmarl,463,16.1,3.7536648758246924,17.150000000000002
eqmarl,464,17.4,6.1838499334961226,17.33
eqmarl,465,15.1,3.6728735344413916,17.07
eqmarl,466,17.9,4.1340053217188775,17.21
eqmarl,467,16.5,4.4328320518603,17.07
eqmarl,468,18.8,6.079473661428265,17.07
eqmarl,469,16.6,4.199999999999999,16.880000000000003
eqmarl,470,18.6,4.103656905736638,17.0
eqmarl,471,17.2,3.1240998703626617,17.07
eqmarl,472,18.5,3.6124783736376886,17.270000000000003
eqmarl,473,15.8,3.3105890714493698,17.240000000000002
eqmarl,474,18.0,2.756809750418044,17.3
eqmarl,475,17.0,4.6475800154489,17.490000000000002
eqmarl,476,17.0,4.711687595755898,17.400000000000002
eqmarl,477,16.8,3.789459064299283,17.43
eqmarl,478,19.0,3.794733192202055,17.45
eqmarl,479,18.5,4.780167361086848,17.64
eqmarl,480,18.6,3.693237062523877,17.64
eqmarl,481,17.8,3.8418745424597094,17.700000000000003
eqmarl,482,17.8,4.214261501141095,17.630000000000003
eqmarl,483,18.8,4.707440918375928,17.930000000000003
eqmarl,484,17.3,4.1,17.860000000000003
eqmarl,485,19.2,3.249615361854384,18.080000000000005
eqmarl,486,15.5,4.5661800227323495,17.930000000000003
eqmarl,487,17.2,4.534313619501853,17.970000000000002
eqmarl,488,16.9,5.107837115648854,17.76
eqmarl,489,18.6,3.8,17.770000000000003
eqmarl,490,17.8,5.509990925582365,17.69
eqmarl,491,17.8,6.705221845696084,17.690000000000005
eqmarl,492,19.2,2.891366458960192,17.830000000000005
eqmarl,493,17.4,4.454211490264017,17.69
eqmarl,494,16.9,4.805205510693586,17.650000000000002
eqmarl,495,15.9,5.374941860150675,17.320000000000004
eqmarl,496,19.2,3.789459064299283,17.69
eqmarl,497,18.2,3.9698866482558413,17.79
eqmarl,498,17.8,5.035871324805669,17.88
eqmarl,499,18.8,4.354308211415448,17.9
eqmarl,500,16.7,3.3778691508109073,17.79
eqmarl,501,18.9,4.52658811910251,17.900000000000002
eqmarl,502,18.8,3.944616584663204,17.86
eqmarl,503,17.9,3.3000000000000003,17.91
eqmarl,504,17.8,3.789459064299283,18.000000000000004
eqmarl,505,18.9,3.9102429592034307,18.300000000000004
eqmarl,506,18.8,4.955804677345546,18.26
eqmarl,507,19.0,3.6606010435446255,18.34
eqmarl,508,16.8,2.9257477676655586,18.240000000000002
eqmarl,509,18.4,3.411744421846396,18.200000000000003
eqmarl,510,19.6,4.029888335921977,18.490000000000002
eqmarl,511,17.7,4.495553358597805,18.37
eqmarl,512,18.0,3.1937438845342623,18.290000000000003
eqmarl,513,17.7,5.330103188494572,18.27
eqmarl,514,16.9,2.773084924772409,18.180000000000003
eqmarl,515,19.6,2.690724809414742,18.250000000000004
eqmarl,516,18.9,2.5079872407968904,18.26
eqmarl,517,19.2,4.445222154178573,18.28
eqmarl,518,17.5,4.2485291572496005,18.35
eqmarl,519,19.0,3.1304951684997055,18.41
eqmarl,520,18.1,4.742362280551751,18.259999999999998
eqmarl,521,18.1,3.419064199455752,18.299999999999997
eqmarl,522,17.3,4.026164427839479,18.23
eqmarl,523,19.1,2.343074902771996,18.37
eqmarl,524,18.9,3.1764760348537178,18.57
eqmarl,525,17.0,4.47213595499958,18.31
eqmarl,526,18.6,3.3823069050575527,18.28
eqmarl,527,20.8,3.2186953878862163,18.440000000000005
eqmarl,528,21.0,3.714835124201342,18.79
eqmarl,529,17.8,4.354308211415448,18.67
eqmarl,530,19.1,4.011234224026317,18.770000000000003
eqmarl,531,18.7,2.8653097563788803,18.830000000000002
eqmarl,532,18.5,3.2326459750489227,18.950000000000003
eqmarl,533,19.5,3.442382895611701,18.990000000000002
eqmarl,534,18.3,4.050925820105819,18.93
eqmarl,535,19.5,2.7658633371878665,19.180000000000003
eqmarl,536,19.7,3.287856444554719,19.29
eqmarl,537,19.2,3.9191835884530852,19.130000000000003
eqmarl,538,18.3,5.292447448959697,18.86
eqmarl,539,17.0,4.58257569495584,18.779999999999998
eqmarl,540,19.1,3.5057096285916214,18.78
eqmarl,541,19.8,3.4,18.89
eqmarl,542,17.7,3.63455636907725,18.810000000000002
eqmarl,543,19.9,3.477067730142742,18.849999999999998
eqmarl,544,19.4,3.0724582991474434,18.96
eqmarl,545,18.2,4.791659420284376,18.830000000000002
eqmarl,546,18.6,3.0397368307141326,18.72
eqmarl,547,19.9,4.437341546466759,18.79
eqmarl,548,18.8,4.467661580737736,18.84
eqmarl,549,18.1,4.011234224026317,18.95
eqmarl,550,20.2,2.9597297173897488,19.06
eqmarl,551,19.5,3.52845575287547,19.03
eqmarl,552,17.5,3.8535697735995385,19.01
eqmarl,553,20.1,3.23882694814033,19.03
eqmarl,554,16.7,4.1000000000000005,18.760000000000005
eqmarl,555,19.1,3.6999999999999997,18.85
eqmarl,556,19.2,3.124099870362662,18.910000000000004
eqmarl,557,18.3,4.124318125460256,18.75
eqmarl,558,18.6,3.9799497484264794,18.73
eqmarl,559,19.3,2.193171219946131,18.85
eqmarl,560,19.7,2.491987158875422,18.8
eqmarl,561,20.8,3.8157568056677826,18.93
eqmarl,562,21.4,3.1048349392520045,19.32
eqmarl,563,18.3,2.968164415931166,19.14
eqmarl,564,20.0,2.569046515733026,19.470000000000002
eqmarl,565,19.3,3.5510561809129406,19.490000000000002
eqmarl,566,21.2,3.2186953878862163,19.690000000000005
eqmarl,567,20.0,3.4641016151377544,19.86
eqmarl,568,20.2,4.093897898091744,20.02
eqmarl,569,19.1,3.7536648758246915,20.0
eqmarl,570,20.3,2.6851443164195103,20.060000000000002
eqmarl,571,21.0,2.4083189157584592,20.080000000000002
eqmarl,572,20.6,4.1521078984053394,20.0
eqmarl,573,19.7,4.148493702538308,20.14
eqmarl,574,20.0,2.569046515733026,20.14
eqmarl,575,20.3,2.0518284528683193,20.240000000000002
eqmarl,576,21.4,3.720215047547655,20.260000000000005
eqmarl,577,21.0,2.7202941017470885,20.360000000000003
eqmarl,578,20.0,3.0659419433511785,20.340000000000003
eqmarl,579,20.3,2.5317977802344322,20.460000000000004
eqmarl,580,19.9,2.467792535850613,20.419999999999998
eqmarl,581,19.9,2.2561028345356955,20.31
eqmarl,582,18.1,4.988987873306568,20.059999999999995
eqmarl,583,22.0,1.7320508075688772,20.29
eqmarl,584,19.9,3.753664875824692,20.279999999999998
eqmarl,585,20.3,3.5791060336346563,20.28
eqmarl,586,19.8,2.2715633383201093,20.12
eqmarl,587,19.1,3.6728735344413916,19.93
eqmarl,588,20.1,3.0149626863362675,19.940000000000005
eqmarl,589,20.5,2.6551836094703507,19.960000000000004
eqmarl,590,19.6,3.4409301068170506,19.93
eqmarl,591,20.3,3.0675723300355937,19.970000000000002
eqmarl,592,18.9,2.773084924772409,20.050000000000004
eqmarl,593,20.3,4.196427051671457,19.880000000000006
eqmarl,594,19.3,3.348133808556641,19.820000000000004
eqmarl,595,21.7,3.5791060336346563,19.96
eqmarl,596,19.3,1.5524174696260022,19.910000000000004
eqmarl,597,20.0,2.0976176963403033,20.0
eqmarl,598,21.2,3.2186953878862163,20.110000000000003
eqmarl,599,19.8,2.6,20.04
eqmarl,600,20.7,2.2825424421026654,20.150000000000002
eqmarl,601,20.5,2.1563858652847827,20.17
eqmarl,602,19.6,2.90516780926679,20.240000000000002
eqmarl,603,19.7,3.4073450074801643,20.18
eqmarl,604,18.7,4.605431575867781,20.12
eqmarl,605,19.3,3.9761790704142084,19.880000000000003
eqmarl,606,18.8,4.190465367951393,19.830000000000002
eqmarl,607,19.0,4.9396356140913875,19.73
eqmarl,608,21.9,2.662705391138869,19.800000000000004
eqmarl,609,21.1,3.9102429592034307,19.930000000000003
eqmarl,610,20.4,4.317406628984581,19.900000000000002
eqmarl,611,18.4,2.870540018881465,19.69
eqmarl,612,20.4,3.261901286060018,19.769999999999996
eqmarl,613,20.2,2.1354156504062622,19.82
eqmarl,614,21.2,2.5612496949731396,20.07
eqmarl,615,20.1,2.3853720883753122,20.150000000000002
eqmarl,616,20.2,2.4,20.290000000000003
eqmarl,617,20.1,4.205948168962618,20.400000000000002
eqmarl,618,20.0,2.792848008753788,20.210000000000004
eqmarl,619,20.7,2.9,20.169999999999998
eqmarl,620,21.4,4.004996878900157,20.27
eqmarl,621,20.8,2.85657137141714,20.509999999999998
eqmarl,622,21.8,3.8678159211627436,20.65
eqmarl,623,19.3,3.1638584039112754,20.560000000000002
eqmarl,624,21.5,3.3541019662496847,20.59
eqmarl,625,21.2,2.85657137141714,20.7
eqmarl,626,20.9,2.947880594596735,20.77
eqmarl,627,20.0,3.0659419433511785,20.76
eqmarl,628,20.7,3.2572994949804657,20.830000000000002
eqmarl,629,22.3,2.5317977802344327,20.990000000000002
eqmarl,630,20.5,2.7658633371878665,20.900000000000002
eqmarl,631,21.2,2.3151673805580453,20.94
eqmarl,632,20.5,2.9410882339705484,20.810000000000002
eqmarl,633,19.9,2.9816103031751147,20.87
eqmarl,634,22.6,2.2891046284519194,20.98
eqmarl,635,23.0,3.847076812334269,21.160000000000004
eqmarl,636,20.9,2.9137604568666933,21.160000000000004
eqmarl,637,20.0,2.6457513110645907,21.16
eqmarl,638,22.5,2.692582403567252,21.340000000000003
eqmarl,639,21.4,2.7640549922170505,21.25
eqmarl,640,20.5,2.8722813232690143,21.250000000000004
eqmarl,641,20.9,3.389690251335659,21.220000000000002
eqmarl,642,20.9,3.3301651610693423,21.26
eqmarl,643,20.3,4.124318125460256,21.3
eqmarl,644,20.2,3.0594117081556713,21.060000000000002
eqmarl,645,18.9,5.008991914547277,20.650000000000002
eqmarl,646,20.7,4.243819034784589,20.630000000000003
eqmarl,647,20.2,4.534313619501853,20.650000000000002
eqmarl,648,20.9,2.844292530665579,20.490000000000002
eqmarl,649,20.8,2.7856776554368237,20.43
eqmarl,650,21.2,3.249615361854384,20.500000000000004
eqmarl,651,20.6,3.6660605559646715,20.47
eqmarl,652,23.9,1.6401219466856727,20.77
eqmarl,653,20.7,3.579106033634656,20.81
eqmarl,654,21.3,1.9000000000000001,20.919999999999998
eqmarl,655,22.3,2.3685438564654024,21.259999999999998
eqmarl,656,21.9,2.2113344387495983,21.380000000000003
eqmarl,657,22.2,3.2186953878862163,21.580000000000002
eqmarl,658,20.1,2.808914381037628,21.500000000000004
eqmarl,659,22.2,3.7363083384538807,21.64
eqmarl,660,19.5,3.5846896657869842,21.47
eqmarl,661,21.2,3.0919249667480613,21.53
eqmarl,662,21.0,2.569046515733026,21.240000000000002
eqmarl,663,21.9,3.961060464067672,21.360000000000007
eqmarl,664,22.4,3.6386810797320503,21.470000000000002
eqmarl,665,21.2,2.181742422927143,21.36
eqmarl,666,20.9,3.1128764832546763,21.26
eqmarl,667,22.3,1.345362404707371,21.27
eqmarl,668,22.0,3.22490309931942,21.46
eqmarl,669,21.6,3.3226495451672298,21.4
eqmarl,670,21.4,2.5377155080899043,21.59
eqmarl,671,21.0,2.569046515733026,21.57
eqmarl,672,21.0,2.7202941017470885,21.570000000000004
eqmarl,673,22.7,1.676305461424021,21.650000000000002
eqmarl,674,21.2,1.5999999999999999,21.53
eqmarl,675,22.7,3.579106033634656,21.68
eqmarl,676,22.6,3.1999999999999997,21.85
eqmarl,677,20.6,2.4576411454889016,21.68
eqmarl,678,20.3,3.7960505792204615,21.51
eqmarl,679,20.2,2.521904042583698,21.37
eqmarl,680,20.7,2.3259406699226015,21.3
eqmarl,681,21.1,4.5265881191025095,21.31
eqmarl,682,20.3,2.4515301344262523,21.240000000000002
eqmarl,683,21.5,3.905124837953327,21.12
eqmarl,684,20.9,2.3853720883753122,21.09
eqmarl,685,20.8,3.370459909270543,20.9
eqmarl,686,20.3,3.034798181098704,20.67
eqmarl,687,21.3,1.8466185312619388,20.740000000000002
eqmarl,688,21.8,2.5612496949731396,20.89
eqmarl,689,20.3,3.034798181098704,20.9
eqmarl,690,21.2,2.4413111231467406,20.950000000000006
eqmarl,691,22.8,2.3579652245103193,21.12
eqmarl,692,21.3,2.41039415863879,21.220000000000002
eqmarl,693,20.7,2.451530134426253,21.14
eqmarl,694,21.8,3.4292856398964497,21.23
eqmarl,695,22.1,3.8845849199110063,21.360000000000003
eqmarl,696,22.0,2.6076809620810595,21.530000000000005
eqmarl,697,21.3,2.4103941586387903,21.53
eqmarl,698,22.4,2.5768197453450252,21.59
eqmarl,699,22.1,2.467792535850613,21.77
eqmarl,700,20.4,3.4409301068170506,21.69
eqmarl,701,22.0,4.538722287164087,21.610000000000003
eqmarl,702,21.5,2.3769728648009427,21.63
eqmarl,703,22.1,2.3430749027719964,21.77
eqmarl,704,22.7,2.8301943396169813,21.86
eqmarl,705,21.5,3.442382895611701,21.799999999999997
eqmarl,706,22.2,3.280243893371345,21.82
eqmarl,707,21.5,4.080441152620633,21.84
eqmarl,708,21.0,3.5496478698597698,21.7
eqmarl,709,21.6,2.0591260281974,21.650000000000002
eqmarl,710,21.0,4.857983120596447,21.710000000000004
eqmarl,711,20.9,3.080584360149873,21.600000000000005
eqmarl,712,21.8,3.1559467676119,21.630000000000003
eqmarl,713,22.4,1.4966629547095764,21.66
eqmarl,714,19.9,2.4269322199023193,21.379999999999995
eqmarl,715,20.1,3.176476034853718,21.24
eqmarl,716,23.4,2.2,21.36
eqmarl,717,22.3,2.3259406699226015,21.44
eqmarl,718,22.3,1.8466185312619388,21.57
eqmarl,719,22.1,3.3000000000000003,21.62
eqmarl,720,22.0,2.3664319132398464,21.72
eqmarl,721,21.0,3.924283374069717,21.73
eqmarl,722,19.9,2.808914381037628,21.540000000000003
eqmarl,723,21.5,3.2015621187164243,21.45
eqmarl,724,21.7,4.124318125460256,21.630000000000003
eqmarl,725,21.9,1.57797338380595,21.81
eqmarl,726,20.0,3.0983866769659336,21.470000000000002
eqmarl,727,21.1,3.1128764832546763,21.35
eqmarl,728,20.8,3.4292856398964493,21.199999999999996
eqmarl,729,20.4,3.7202150475476548,21.03
eqmarl,730,23.8,2.821347195933177,21.209999999999997
eqmarl,731,21.5,3.2326459750489227,21.259999999999998
eqmarl,732,20.0,3.4351128074635335,21.27
eqmarl,733,21.2,3.4292856398964497,21.240000000000002
eqmarl,734,20.4,2.6532998322843198,21.11
eqmarl,735,21.9,2.879236009777594,21.110000000000003
eqmarl,736,22.5,3.5,21.360000000000003
eqmarl,737,22.1,1.57797338380595,21.46
eqmarl,738,22.4,2.727636339397171,21.62
eqmarl,739,21.3,3.0675723300355937,21.709999999999997
eqmarl,740,22.1,2.0223748416156684,21.54
eqmarl,741,20.9,2.3853720883753127,21.48
eqmarl,742,21.6,2.2891046284519194,21.64
eqmarl,743,20.8,1.98997487421324,21.6
eqmarl,744,21.9,2.4269322199023193,21.750000000000004
eqmarl,745,21.2,3.0919249667480613,21.680000000000007
eqmarl,746,22.4,1.6852299546352716,21.67
eqmarl,747,21.4,4.029888335921977,21.599999999999998
eqmarl,748,21.3,1.5524174696260025,21.49
eqmarl,749,23.1,3.2078029864690882,21.669999999999998
eqmarl,750,21.1,2.8442925306655784,21.57
eqmarl,751,20.8,3.7894590642992836,21.560000000000002
eqmarl,752,22.7,2.9,21.669999999999998
eqmarl,753,22.4,4.2708313008125245,21.83
eqmarl,754,22.8,2.481934729198171,21.92
eqmarl,755,22.4,2.727636339397171,22.04
eqmarl,756,22.4,1.9078784028338915,22.04
eqmarl,757,21.7,2.794637722496424,22.07
eqmarl,758,21.6,2.727636339397171,22.099999999999998
eqmarl,759,21.0,4.358898943540674,21.890000000000004
eqmarl,760,23.2,2.85657137141714,22.1
eqmarl,761,21.3,2.5709920264364885,22.15
eqmarl,762,21.8,3.8418745424597094,22.06
eqmarl,763,22.9,2.211334438749598,22.11
eqmarl,764,22.0,4.024922359499621,22.029999999999998
eqmarl,765,21.4,2.4979991993593593,21.93
eqmarl,766,23.1,2.211334438749598,22.0
eqmarl,767,20.6,2.8,21.889999999999997
eqmarl,768,21.6,3.8,21.889999999999997
eqmarl,769,22.0,2.6832815729997477,21.990000000000002
eqmarl,770,20.9,3.176476034853718,21.76
eqmarl,771,20.4,2.009975124224178,21.67
eqmarl,772,21.6,1.907878402833891,21.650000000000002
eqmarl,773,22.3,3.6891733491393435,21.59
eqmarl,774,21.6,2.2,21.55
eqmarl,775,22.4,2.6153393661244038,21.65
eqmarl,776,21.9,3.9102429592034307,21.53
eqmarl,777,22.3,3.606937759374287,21.700000000000003
eqmarl,778,20.6,2.973213749463701,21.6
eqmarl,779,22.1,3.6180105030251086,21.61
eqmarl,780,23.2,1.3266499161421599,21.84
eqmarl,781,21.5,3.263433774416144,21.95
eqmarl,782,22.0,3.03315017762062,21.99
eqmarl,783,22.6,3.3823069050575527,22.020000000000003
eqmarl,784,22.3,2.0024984394500787,22.090000000000003
eqmarl,785,23.6,4.029888335921977,22.210000000000004
eqmarl,786,22.3,1.5524174696260025,22.25
eqmarl,787,22.4,3.4698703145794942,22.26
eqmarl,788,22.4,2.835489375751565,22.439999999999998
eqmarl,789,21.9,2.981610303175115,22.419999999999998
eqmarl,790,22.9,3.5902646142032486,22.39
eqmarl,791,21.3,1.7349351572897471,22.37
eqmarl,792,22.0,3.286335345030997,22.369999999999997
eqmarl,793,23.1,2.211334438749598,22.419999999999998
eqmarl,794,22.7,3.6891733491393435,22.46
eqmarl,795,22.0,3.1937438845342623,22.299999999999997
eqmarl,796,23.1,2.467792535850613,22.380000000000003
eqmarl,797,23.3,2.7586228448267445,22.47
eqmarl,798,22.3,1.7349351572897471,22.460000000000004
eqmarl,799,21.5,2.8722813232690143,22.419999999999998
eqmarl,800,22.1,2.879236009777594,22.34
eqmarl,801,21.3,3.4942810419312296,22.34
eqmarl,802,21.8,2.4,22.32
eqmarl,803,21.6,2.3748684174075834,22.17
eqmarl,804,22.1,2.5475478405713994,22.110000000000003
eqmarl,805,22.0,2.7202941017470885,22.110000000000003
eqmarl,806,22.3,2.9,22.03
eqmarl,807,22.3,2.4515301344262523,21.930000000000003
eqmarl,808,21.2,2.6,21.820000000000004
eqmarl,809,21.4,2.416609194718914,21.810000000000006
eqmarl,810,21.4,3.583294573433783,21.740000000000006
eqmarl,811,21.4,2.90516780926679,21.750000000000004
eqmarl,812,20.9,3.1128764832546767,21.660000000000004
eqmarl,813,21.6,3.8000000000000003,21.660000000000004
eqmarl,814,22.6,3.2310988842807022,21.710000000000004
eqmarl,815,23.1,2.6627053911388696,21.82
eqmarl,816,22.8,2.4413111231467406,21.87
eqmarl,817,23.1,2.071231517720798,21.95
eqmarl,818,22.0,2.1908902300206643,22.029999999999998
eqmarl,819,23.1,3.269556544854363,22.2
eqmarl,820,21.9,1.57797338380595,22.250000000000004
eqmarl,821,23.4,3.0066592756745814,22.450000000000003
eqmarl,822,23.8,2.0880613017821097,22.740000000000002
eqmarl,823,21.7,3.6891733491393435,22.75
eqmarl,824,21.7,2.2383029285599396,22.660000000000004
eqmarl,825,20.8,3.0594117081556713,22.43
eqmarl,826,23.5,2.1563858652847827,22.5
eqmarl,827,23.5,1.6278820596099706,22.540000000000003
eqmarl,828,21.2,4.1904653679513935,22.460000000000004
eqmarl,829,20.9,2.5475478405713994,22.240000000000002
eqmarl,830,20.5,2.1563858652847827,22.1
eqmarl,831,20.9,2.5079872407968904,21.85
eqmarl,832,23.4,2.76405499221705,21.81
eqmarl,833,21.8,3.3105890714493698,21.82
eqmarl,834,22.2,2.85657137141714,21.869999999999997
eqmarl,835,21.3,3.195309061734091,21.919999999999998
eqmarl,836,22.0,3.4641016151377544,21.77
eqmarl,837,21.8,3.249615361854384,21.599999999999998
eqmarl,838,22.6,2.1071307505705477,21.740000000000002
eqmarl,839,22.2,3.57211421989835,21.87
eqmarl,840,21.7,2.4103941586387903,21.990000000000002
eqmarl,841,22.5,2.29128784747792,22.15
eqmarl,842,23.5,3.5,22.160000000000004
eqmarl,843,21.8,2.1354156504062622,22.160000000000004
eqmarl,844,23.8,2.1354156504062622,22.32
eqmarl,845,23.9,2.4269322199023193,22.580000000000002
eqmarl,846,21.2,3.4,22.5
eqmarl,847,22.2,2.925747767665559,22.54
eqmarl,848,22.6,2.90516780926679,22.540000000000003
eqmarl,849,22.0,2.1908902300206643,22.52
eqmarl,850,21.7,4.124318125460256,22.520000000000003
eqmarl,851,22.5,2.0615528128088303,22.520000000000003
eqmarl,852,22.0,1.8439088914585775,22.37
eqmarl,853,22.6,2.615339366124404,22.450000000000003
eqmarl,854,22.7,1.9000000000000001,22.340000000000003
eqmarl,855,23.1,2.3853720883753127,22.26
eqmarl,856,22.2,2.821347195933177,22.36
eqmarl,857,21.8,2.6381811916545836,22.32
eqmarl,858,23.0,2.0976176963403033,22.36
eqmarl,859,23.2,1.9390719429665317,22.480000000000004
eqmarl,860,22.7,2.758622844826744,22.580000000000002
eqmarl,861,23.2,2.181742422927143,22.650000000000002
eqmarl,862,23.3,2.1,22.78
eqmarl,863,22.8,2.6,22.800000000000004
eqmarl,864,23.1,2.1656407827707715,22.84
eqmarl,865,23.2,2.315167380558045,22.85
eqmarl,866,21.6,2.6532998322843198,22.79
eqmarl,867,23.7,2.0024984394500787,22.98
eqmarl,868,24.9,2.467792535850613,23.17
eqmarl,869,23.6,3.0724582991474434,23.21
eqmarl,870,21.9,1.8681541692269403,23.13
eqmarl,871,23.9,2.7367864366808017,23.2
eqmarl,872,22.6,2.4979991993593593,23.130000000000006
eqmarl,873,23.8,1.7204650534085253,23.230000000000004
eqmarl,874,22.5,2.3345235059857505,23.169999999999998
eqmarl,875,22.7,4.8999999999999995,23.12
eqmarl,876,22.4,3.878143885933063,23.2
eqmarl,877,23.2,3.815756805667783,23.15
eqmarl,878,22.5,1.6278820596099706,22.91
eqmarl,879,22.6,2.6153393661244038,22.810000000000002
eqmarl,880,22.1,1.374772708486752,22.830000000000002
eqmarl,881,24.6,4.294182110716777,22.900000000000002
eqmarl,882,21.3,3.195309061734091,22.77
eqmarl,883,23.6,2.4979991993593593,22.75
eqmarl,884,22.6,2.8,22.76
eqmarl,885,23.0,2.280350850198276,22.790000000000006
eqmarl,886,21.2,3.0919249667480613,22.670000000000005
eqmarl,887,21.7,4.859012245302536,22.520000000000003
eqmarl,888,23.7,2.0024984394500787,22.640000000000004
eqmarl,889,21.1,2.981610303175115,22.49
eqmarl,890,22.1,2.7367864366808017,22.490000000000002
eqmarl,891,22.3,1.8466185312619388,22.26
eqmarl,892,22.4,3.4698703145794942,22.37
eqmarl,893,23.2,2.2715633383201093,22.330000000000002
eqmarl,894,24.0,2.1908902300206643,22.47
eqmarl,895,21.9,2.9137604568666933,22.360000000000003
eqmarl,896,22.0,3.286335345030997,22.440000000000005
eqmarl,897,21.9,2.2113344387495983,22.460000000000004
eqmarl,898,22.3,2.41039415863879,22.320000000000004
eqmarl,899,22.1,3.047950130825634,22.42
eqmarl,900,23.3,2.2825424421026654,22.54
eqmarl,901,22.2,3.0919249667480613,22.53
eqmarl,902,19.8,2.9597297173897488,22.27
eqmarl,903,23.0,2.449489742783178,22.250000000000004
eqmarl,904,22.4,2.9393876913398134,22.09
eqmarl,905,23.4,3.0397368307141326,22.240000000000002
eqmarl,906,22.8,2.85657137141714,22.320000000000004
eqmarl,907,21.7,2.7586228448267445,22.300000000000004
eqmarl,908,23.2,2.6,22.39
eqmarl,909,22.6,2.2891046284519194,22.44
eqmarl,910,22.7,2.9,22.38
eqmarl,911,23.0,2.5298221281347035,22.46
eqmarl,912,21.5,2.4186773244895647,22.63
eqmarl,913,23.2,2.1354156504062622,22.65
eqmarl,914,23.0,2.449489742783178,22.71
eqmarl,915,22.0,1.9493588689617927,22.57
eqmarl,916,22.1,2.1656407827707715,22.5
eqmarl,917,22.2,2.4,22.55
eqmarl,918,22.5,2.247220505424423,22.48
eqmarl,919,21.8,2.039607805437114,22.400000000000002
eqmarl,920,23.5,3.0413812651491097,22.480000000000004
eqmarl,921,22.4,3.0066592756745814,22.42
eqmarl,922,21.7,2.193171219946131,22.439999999999998
eqmarl,923,24.2,3.1874754901018454,22.54
eqmarl,924,22.3,2.451530134426253,22.470000000000002
eqmarl,925,23.3,2.282542442102666,22.6
eqmarl,926,22.0,3.1622776601683795,22.59
eqmarl,927,23.2,2.315167380558045,22.69
eqmarl,928,21.8,2.181742422927143,22.62
eqmarl,929,23.3,2.968164415931166,22.770000000000003
eqmarl,930,21.8,2.925747767665559,22.6
eqmarl,931,22.7,2.8301943396169813,22.63
eqmarl,932,23.8,3.249615361854384,22.839999999999996
eqmarl,933,22.1,2.3000000000000003,22.63
eqmarl,934,22.0,2.6457513110645907,22.599999999999998
eqmarl,935,22.6,1.9595917942265424,22.53
eqmarl,936,23.5,2.9748949561287032,22.680000000000003
eqmarl,937,23.5,1.8027756377319946,22.710000000000004
eqmarl,938,21.8,2.5612496949731396,22.71
eqmarl,939,22.1,3.5902646142032486,22.590000000000003
eqmarl,940,24.1,2.77308492477241,22.820000000000004
eqmarl,941,22.4,2.33238075793812,22.79
eqmarl,942,23.1,2.118962010041709,22.72
eqmarl,943,23.9,3.330165161069343,22.9
eqmarl,944,23.2,2.521904042583698,23.02
eqmarl,945,21.7,3.606937759374287,22.93
eqmarl,946,21.8,3.7629775444453557,22.759999999999998
eqmarl,947,23.8,2.315167380558045,22.790000000000003
eqmarl,948,23.0,1.7888543819998317,22.910000000000004
eqmarl,949,21.8,2.3579652245103193,22.880000000000003
eqmarl,950,22.6,2.2,22.73
eqmarl,951,21.8,3.0265491900843116,22.67
eqmarl,952,23.6,2.3748684174075834,22.720000000000002
eqmarl,953,22.2,2.7856776554368237,22.55
eqmarl,954,23.3,3.0999999999999996,22.560000000000002
eqmarl,955,23.7,2.6476404589747453,22.76
eqmarl,956,22.8,1.8330302779823358,22.860000000000003
eqmarl,957,23.0,2.1908902300206643,22.780000000000005
eqmarl,958,23.5,2.80178514522438,22.830000000000005
eqmarl,959,22.0,1.9493588689617927,22.850000000000005
eqmarl,960,23.3,2.5709920264364885,22.92
eqmarl,961,23.3,3.195309061734091,23.07
eqmarl,962,22.7,1.8466185312619388,22.98
eqmarl,963,23.2,3.1874754901018454,23.080000000000002
eqmarl,964,23.1,3.3600595232822887,23.06
eqmarl,965,22.7,2.5709920264364885,22.959999999999997
eqmarl,966,22.5,3.2326459750489227,22.929999999999996
eqmarl,967,23.7,2.3259406699226015,23.0
eqmarl,968,24.0,2.898275349237888,23.050000000000004
eqmarl,969,23.2,3.249615361854384,23.17
eqmarl,970,23.9,2.118962010041709,23.230000000000004
eqmarl,971,21.9,3.047950130825634,23.09
eqmarl,972,22.9,1.9209372712298547,23.11
eqmarl,973,21.9,1.7578395831246947,22.98
eqmarl,974,23.1,2.9137604568666933,22.98
eqmarl,975,22.6,1.7435595774162698,22.970000000000002
eqmarl,976,22.4,3.1048349392520045,22.96
eqmarl,977,22.9,1.8681541692269403,22.88
eqmarl,978,23.3,1.7349351572897471,22.810000000000002
eqmarl,979,22.2,1.5999999999999999,22.71
eqmarl,980,24.7,1.9000000000000001,22.79
eqmarl,981,23.8,1.9899748742132397,22.98
eqmarl,982,22.7,2.531797780234433,22.959999999999997
eqmarl,983,22.9,2.6248809496813372,23.06
eqmarl,984,23.1,1.8681541692269403,23.06
eqmarl,985,23.4,2.0591260281974,23.14
eqmarl,986,22.7,1.676305461424021,23.169999999999998
eqmarl,987,23.3,2.4919871588754225,23.21
eqmarl,988,22.2,2.638181191654584,23.1
eqmarl,989,22.0,2.4083189157584592,23.080000000000002
eqmarl,990,22.6,3.1685959035509716,22.869999999999997
eqmarl,991,23.4,2.6153393661244038,22.830000000000002
eqmarl,992,23.3,2.72213151776324,22.89
eqmarl,993,22.6,1.42828568570857,22.860000000000003
eqmarl,994,23.8,2.8213471959331766,22.93
eqmarl,995,24.5,2.5,23.04
eqmarl,996,22.9,1.2206555615733703,23.06
eqmarl,997,21.6,2.1071307505705477,22.89
eqmarl,998,24.1,2.0223748416156684,23.080000000000002
eqmarl,999,22.5,3.3241540277189325,23.13
eqmarl,1000,23.4,2.3748684174075834,23.21
eqmarl,1001,23.5,2.5787593916455256,23.220000000000002
eqmarl,1002,25.1,2.8442925306655784,23.400000000000006
eqmarl,1003,22.3,2.9,23.370000000000005
eqmarl,1004,22.6,2.2449944320643644,23.250000000000004
eqmarl,1005,22.4,1.9078784028338913,23.04
eqmarl,1006,23.4,2.1540659228538015,23.09
eqmarl,1007,25.0,2.04939015319192,23.43
eqmarl,1008,21.3,2.7221315177632404,23.15
eqmarl,1009,23.9,1.445683229480096,23.29
eqmarl,1010,22.7,3.034798181098704,23.22
eqmarl,1011,23.1,2.0223748416156684,23.18
eqmarl,1012,22.5,1.91049731745428,22.919999999999998
eqmarl,1013,24.1,2.6248809496813372,23.1
eqmarl,1014,22.0,2.1447610589527217,23.04
eqmarl,1015,22.5,2.29128784747792,23.05
eqmarl,1016,22.6,2.6153393661244038,22.970000000000002
eqmarl,1017,23.8,1.8330302779823358,22.85
eqmarl,1018,22.9,3.419064199455752,23.01
eqmarl,1019,22.4,3.7202150475476548,22.86
eqmarl,1020,24.0,2.7202941017470885,22.990000000000002
eqmarl,1021,24.0,2.6076809620810595,23.08
eqmarl,1022,21.7,2.3259406699226015,23.0
eqmarl,1023,24.3,1.4177446878757824,23.020000000000003
eqmarl,1024,22.5,2.202271554554524,23.07
eqmarl,1025,22.6,1.562049935181331,23.080000000000002
eqmarl,1026,23.1,1.2206555615733703,23.130000000000003
eqmarl,1027,25.1,1.3,23.26
eqmarl,1028,23.2,1.7776388834631176,23.290000000000003
eqmarl,1029,21.7,4.290687590584986,23.22
eqmarl,1030,23.5,1.6881943016134133,23.17
eqmarl,1031,23.7,2.5317977802344322,23.140000000000004
eqmarl,1032,23.1,2.773084924772409,23.28
eqmarl,1033,22.8,3.249615361854384,23.130000000000003
eqmarl,1034,23.0,2.6457513110645907,23.18
eqmarl,1035,22.7,2.5317977802344322,23.19
eqmarl,1036,24.5,1.284523257866513,23.33
eqmarl,1037,21.9,1.7578395831246947,23.01
eqmarl,1038,23.1,2.467792535850613,23.0
eqmarl,1039,23.9,2.6248809496813377,23.220000000000002
eqmarl,1040,23.4,2.2891046284519194,23.21
eqmarl,1041,23.5,2.5,23.19
eqmarl,1042,22.6,2.009975124224178,23.140000000000004
eqmarl,1043,22.0,3.0,23.060000000000002
eqmarl,1044,23.4,3.5832945734337835,23.1
eqmarl,1045,23.3,1.345362404707371,23.160000000000004
eqmarl,1046,23.5,2.692582403567252,23.060000000000002
eqmarl,1047,24.0,2.3664319132398464,23.270000000000003
eqmarl,1048,23.7,3.0675723300355937,23.330000000000002
eqmarl,1049,23.4,2.8705400188814645,23.28
eqmarl,1050,22.7,1.9000000000000001,23.21
eqmarl,1051,22.4,2.615339366124404,23.099999999999998
eqmarl,1052,22.0,1.8439088914585775,23.04
eqmarl,1053,24.9,2.5865034312755126,23.33
eqmarl,1054,23.0,2.280350850198276,23.289999999999996
eqmarl,1055,23.4,2.6532998322843198,23.300000000000004
eqmarl,1056,21.7,1.8466185312619388,23.120000000000005
eqmarl,1057,23.5,3.905124837953327,23.07
eqmarl,1058,24.1,2.3,23.110000000000003
eqmarl,1059,21.8,2.0396078054371136,22.95
eqmarl,1060,22.2,3.0919249667480613,22.9
eqmarl,1061,23.8,2.7129319932501073,23.039999999999996
eqmarl,1062,21.3,1.4177446878757824,22.97
eqmarl,1063,23.2,2.4413111231467406,22.8
eqmarl,1064,23.9,2.0223748416156684,22.89
eqmarl,1065,23.5,3.3241540277189325,22.900000000000002
eqmarl,1066,22.1,3.0149626863362675,22.940000000000005
eqmarl,1067,23.5,2.9748949561287032,22.940000000000005
eqmarl,1068,23.5,3.2015621187164243,22.880000000000006
eqmarl,1069,24.2,2.85657137141714,23.120000000000005
eqmarl,1070,23.3,2.6095976701399777,23.230000000000004
eqmarl,1071,22.5,3.0083217912982647,23.1
eqmarl,1072,24.2,2.2715633383201093,23.39
eqmarl,1073,22.1,2.0223748416156684,23.28
eqmarl,1074,22.5,2.8722813232690143,23.14
eqmarl,1075,24.3,2.4919871588754225,23.22
eqmarl,1076,21.8,2.3151673805580453,23.189999999999998
eqmarl,1077,23.1,3.330165161069343,23.15
eqmarl,1078,24.2,2.315167380558045,23.22
eqmarl,1079,21.0,2.449489742783178,22.9
eqmarl,1080,23.1,1.6401219466856727,22.88
eqmarl,1081,22.9,1.7,22.919999999999998
eqmarl,1082,23.5,2.247220505424423,22.85
eqmarl,1083,24.1,1.9209372712298547,23.05
eqmarl,1084,21.9,2.2561028345356955,22.990000000000002
eqmarl,1085,22.1,1.6401219466856727,22.77
eqmarl,1086,22.2,1.98997487421324,22.81
eqmarl,1087,23.7,1.6155494421403511,22.87
eqmarl,1088,22.8,2.85657137141714,22.730000000000004
eqmarl,1089,22.4,1.624807680927192,22.87
eqmarl,1090,23.5,2.7294688127912363,22.910000000000004
eqmarl,1091,22.4,2.8354893757515653,22.86
eqmarl,1092,22.4,2.1540659228538015,22.75
eqmarl,1093,24.6,2.7640549922170505,22.8
eqmarl,1094,25.0,2.4899799195977463,23.110000000000003
eqmarl,1095,21.7,3.132091952673165,23.07
eqmarl,1096,24.1,1.3000000000000003,23.26
eqmarl,1097,23.6,2.4576411454889016,23.250000000000004
eqmarl,1098,22.8,2.1354156504062622,23.250000000000004
eqmarl,1099,23.8,3.1874754901018454,23.39
eqmarl,1100,21.3,2.0024984394500787,23.169999999999998
eqmarl,1101,24.0,3.0659419433511785,23.33
eqmarl,1102,21.8,2.7129319932501073,23.270000000000003
eqmarl,1103,22.9,3.477067730142742,23.1
eqmarl,1104,23.0,2.756809750418044,22.900000000000002
eqmarl,1105,24.0,1.4142135623730951,23.130000000000003
eqmarl,1106,23.8,2.315167380558045,23.100000000000005
eqmarl,1107,23.2,2.0880613017821097,23.06
eqmarl,1108,25.7,1.9519221295943139,23.350000000000005
eqmarl,1109,24.1,2.211334438749598,23.380000000000003
eqmarl,1110,23.1,2.4269322199023193,23.56
eqmarl,1111,23.3,1.676305461424021,23.490000000000002
eqmarl,1112,23.0,2.449489742783178,23.610000000000003
eqmarl,1113,24.0,1.9493588689617927,23.720000000000006
eqmarl,1114,24.1,3.047950130825634,23.830000000000002
eqmarl,1115,24.2,2.891366458960192,23.85
eqmarl,1116,25.0,2.1908902300206643,23.97
eqmarl,1117,23.9,1.2206555615733703,24.040000000000006
eqmarl,1118,23.9,2.467792535850613,23.860000000000003
eqmarl,1119,22.0,3.1937438845342623,23.650000000000002
eqmarl,1120,23.3,2.72213151776324,23.67
eqmarl,1121,22.8,1.9390719429665315,23.620000000000005
eqmarl,1122,23.8,2.227105745132009,23.7
eqmarl,1123,23.9,2.5475478405713994,23.69
eqmarl,1124,22.8,1.8330302779823358,23.560000000000002
eqmarl,1125,23.2,3.1559467676119,23.46
eqmarl,1126,22.9,2.3430749027719964,23.25
eqmarl,1127,23.5,1.746424919657298,23.21
eqmarl,1128,22.0,2.32379000772445,23.020000000000003
eqmarl,1129,24.6,2.4576411454889016,23.28
eqmarl,1130,23.5,2.247220505424423,23.300000000000004
eqmarl,1131,23.7,2.4515301344262523,23.390000000000004
eqmarl,1132,23.5,2.3769728648009427,23.360000000000007
eqmarl,1133,24.2,1.9899748742132397,23.390000000000008
eqmarl,1134,24.4,1.4966629547095767,23.55
eqmarl,1135,22.8,2.891366458960192,23.51
eqmarl,1136,24.3,2.2383029285599396,23.650000000000002
eqmarl,1137,23.4,2.0591260281974,23.64
eqmarl,1138,24.1,1.3,23.85
eqmarl,1139,23.2,1.8867962264113207,23.71
eqmarl,1140,23.9,2.118962010041709,23.75
eqmarl,1141,24.0,3.0,23.78
eqmarl,1142,22.3,3.034798181098704,23.66
eqmarl,1143,23.3,2.8653097563788807,23.57
eqmarl,1144,24.2,2.2715633383201093,23.550000000000004
eqmarl,1145,23.5,3.138470965295043,23.620000000000005
eqmarl,1146,23.4,1.562049935181331,23.530000000000005
eqmarl,1147,23.7,2.238302928559939,23.560000000000002
eqmarl,1148,22.5,3.6674241641784495,23.400000000000002
eqmarl,1149,24.6,4.2708313008125245,23.540000000000003
eqmarl,1150,25.3,2.3685438564654024,23.680000000000003
eqmarl,1151,23.4,2.7640549922170505,23.62
eqmarl,1152,23.4,3.1685959035509716,23.73
eqmarl,1153,24.4,2.1540659228538015,23.840000000000003
eqmarl,1154,22.8,3.1240998703626617,23.700000000000003
eqmarl,1155,22.8,2.785677655436824,23.630000000000003
eqmarl,1156,23.2,2.6758176320519302,23.610000000000003
eqmarl,1157,23.1,1.972308292331602,23.55
eqmarl,1158,22.9,2.879236009777594,23.59
eqmarl,1159,23.2,2.7856776554368237,23.45
eqmarl,1160,24.0,2.3664319132398464,23.32
eqmarl,1161,23.1,1.57797338380595,23.290000000000003
eqmarl,1162,21.9,2.5079872407968904,23.14
eqmarl,1163,23.2,2.4413111231467406,23.020000000000003
eqmarl,1164,23.9,2.118962010041709,23.130000000000003
eqmarl,1165,22.2,1.98997487421324,23.07
eqmarl,1166,23.6,1.562049935181331,23.11
eqmarl,1167,24.0,2.569046515733026,23.199999999999996
eqmarl,1168,24.0,2.8635642126552705,23.310000000000002
eqmarl,1169,24.7,1.676305461424021,23.46
eqmarl,1170,24.8,2.181742422927143,23.540000000000003
eqmarl,1171,23.7,2.3259406699226015,23.6
eqmarl,1172,25.3,1.8466185312619388,23.94
eqmarl,1173,25.6,2.537715508089904,24.180000000000007
eqmarl,1174,24.6,2.6153393661244038,24.250000000000007
eqmarl,1175,25.0,3.521363372331802,24.53
eqmarl,1176,24.5,1.8027756377319946,24.62
eqmarl,1177,23.0,2.5298221281347035,24.520000000000003
eqmarl,1178,24.0,2.7202941017470885,24.520000000000003
eqmarl,1179,24.1,2.8089143810376282,24.460000000000004
eqmarl,1180,22.7,2.282542442102666,24.25
eqmarl,1181,23.9,1.7,24.270000000000003
eqmarl,1182,23.5,2.3769728648009427,24.090000000000007
eqmarl,1183,23.8,1.4696938456699067,23.910000000000004
eqmarl,1184,23.0,2.0976176963403033,23.75
eqmarl,1185,24.3,2.934280150224242,23.68
eqmarl,1186,22.9,2.3853720883753122,23.52
eqmarl,1187,23.2,2.9597297173897488,23.54
eqmarl,1188,24.9,1.5132745950421556,23.630000000000003
eqmarl,1189,24.0,2.04939015319192,23.619999999999997
eqmarl,1190,23.4,1.685229954635272,23.69
eqmarl,1191,24.7,2.6851443164195103,23.77
eqmarl,1192,24.5,2.247220505424423,23.87
eqmarl,1193,23.5,2.3769728648009427,23.84
eqmarl,1194,24.5,2.1563858652847827,23.990000000000002
eqmarl,1195,23.5,2.4186773244895647,23.910000000000004
eqmarl,1196,23.6,1.7435595774162695,23.980000000000004
eqmarl,1197,23.7,1.7349351572897471,24.030000000000005
eqmarl,1198,22.8,1.6,23.820000000000004
eqmarl,1199,23.8,2.3579652245103193,23.800000000000004
eqmarl,1200,24.4,2.244994432064365,23.900000000000002
eqmarl,1201,23.9,1.972308292331602,23.820000000000004
eqmarl,1202,23.8,3.124099870362662,23.750000000000004
eqmarl,1203,23.2,2.1354156504062622,23.720000000000002
eqmarl,1204,24.4,3.1999999999999997,23.71
eqmarl,1205,22.1,3.0805843601498726,23.570000000000004
eqmarl,1206,22.6,3.4409301068170506,23.470000000000006
eqmarl,1207,23.8,1.9390719429665315,23.480000000000004
eqmarl,1208,23.3,2.1000000000000005,23.53
eqmarl,1209,22.4,2.2449944320643644,23.389999999999997
eqmarl,1210,22.9,2.1656407827707715,23.24
eqmarl,1211,23.4,1.3564659966250536,23.189999999999998
eqmarl,1212,23.8,1.4,23.189999999999998
eqmarl,1213,23.6,2.33238075793812,23.23
eqmarl,1214,22.8,2.315167380558045,23.07
eqmarl,1215,23.5,2.1095023109728985,23.21
eqmarl,1216,24.0,3.63318042491699,23.35000000000001
eqmarl,1217,23.6,2.1540659228538015,23.330000000000005
eqmarl,1218,23.8,1.9899748742132397,23.38
eqmarl,1219,23.5,3.5,23.490000000000002
eqmarl,1220,23.5,2.4596747752497685,23.550000000000004
eqmarl,1221,22.6,2.6153393661244038,23.470000000000006
eqmarl,1222,23.0,2.1908902300206643,23.390000000000004
eqmarl,1223,23.7,2.193171219946131,23.400000000000006
eqmarl,1224,23.5,3.1064449134018135,23.470000000000002
eqmarl,1225,23.1,2.5865034312755126,23.43
eqmarl,1226,24.3,2.282542442102666,23.46
eqmarl,1227,24.4,3.2,23.540000000000003
eqmarl,1228,23.8,1.4696938456699067,23.540000000000003
eqmarl,1229,24.3,2.0024984394500787,23.62
eqmarl,1230,23.5,2.8722813232690143,23.62
eqmarl,1231,24.7,2.9,23.83
eqmarl,1232,22.4,1.9078784028338913,23.77
eqmarl,1233,22.9,1.3,23.689999999999998
eqmarl,1234,25.0,1.7888543819998317,23.839999999999996
eqmarl,1235,22.9,2.118962010041709,23.819999999999997
eqmarl,1236,23.5,3.0083217912982647,23.740000000000002
eqmarl,1237,23.1,2.1656407827707715,23.61
eqmarl,1238,24.0,2.4083189157584592,23.630000000000003
eqmarl,1239,24.0,2.6832815729997477,23.6
eqmarl,1240,22.5,2.7294688127912363,23.5
eqmarl,1241,22.5,1.6881943016134133,23.28
eqmarl,1242,22.8,1.7204650534085253,23.32
eqmarl,1243,24.0,1.7888543819998317,23.43
eqmarl,1244,23.3,2.4919871588754225,23.259999999999998
eqmarl,1245,22.9,2.071231517720798,23.259999999999998
eqmarl,1246,23.7,3.1638584039112754,23.279999999999998
eqmarl,1247,23.5,3.263433774416144,23.320000000000004
eqmarl,1248,24.3,1.7916472867168916,23.35
eqmarl,1249,22.9,2.662705391138869,23.240000000000002
eqmarl,1250,22.5,2.202271554554524,23.240000000000002
eqmarl,1251,22.8,2.749545416973504,23.270000000000003
eqmarl,1252,23.7,2.282542442102666,23.360000000000003
eqmarl,1253,21.1,6.315853069855251,23.07
eqmarl,1254,21.6,4.2708313008125245,22.900000000000002
eqmarl,1255,22.5,2.6551836094703507,22.860000000000003
eqmarl,1256,23.0,2.4083189157584592,22.790000000000003
eqmarl,1257,23.3,2.968164415931166,22.770000000000003
eqmarl,1258,22.3,4.648655719667784,22.570000000000004
eqmarl,1259,24.4,1.9078784028338913,22.720000000000006
eqmarl,1260,24.5,2.8722813232690143,22.92
eqmarl,1261,24.9,2.8442925306655784,23.130000000000003
eqmarl,1262,24.1,2.4269322199023193,23.169999999999998
eqmarl,1263,23.9,2.071231517720798,23.45
eqmarl,1264,23.4,3.2310988842807022,23.630000000000003
eqmarl,1265,24.6,2.0591260281974,23.84
eqmarl,1266,23.8,1.5362291495737217,23.919999999999998
eqmarl,1267,24.1,3.3,24.0
eqmarl,1268,23.2,1.7776388834631176,24.09
eqmarl,1269,23.2,2.521904042583698,23.970000000000002
eqmarl,1270,24.4,3.1368774282716245,23.960000000000004
eqmarl,1271,23.6,2.6532998322843198,23.830000000000002
eqmarl,1272,23.9,2.5475478405713994,23.810000000000002
eqmarl,1273,23.1,2.879236009777593,23.73
eqmarl,1274,22.6,3.1048349392520045,23.650000000000002
eqmarl,1275,23.4,2.8354893757515653,23.53
eqmarl,1276,25.1,3.1128764832546763,23.660000000000004
eqmarl,1277,24.6,2.6532998322843198,23.710000000000004
eqmarl,1278,22.4,2.4576411454889016,23.630000000000003
eqmarl,1279,23.8,2.638181191654584,23.69
eqmarl,1280,24.5,2.6172504656604803,23.699999999999996
eqmarl,1281,23.7,1.9000000000000001,23.71
eqmarl,1282,23.7,1.4177446878757824,23.69
eqmarl,1283,24.7,2.0518284528683193,23.85
eqmarl,1284,22.9,3.144837038703278,23.880000000000003
eqmarl,1285,24.7,2.570992026436488,24.01
eqmarl,1286,23.1,2.9137604568666933,23.81
eqmarl,1287,24.9,1.9723082923316018,23.840000000000003
eqmarl,1288,24.2,2.2715633383201093,24.020000000000003
eqmarl,1289,21.6,3.8000000000000003,23.8
eqmarl,1290,22.8,2.0880613017821097,23.630000000000006
eqmarl,1291,23.5,3.2939338184001206,23.610000000000003
eqmarl,1292,23.1,2.3430749027719964,23.55
eqmarl,1293,24.6,2.416609194718914,23.540000000000003
eqmarl,1294,23.1,1.374772708486752,23.560000000000002
eqmarl,1295,23.1,2.4269322199023193,23.4
eqmarl,1296,24.2,3.1240998703626617,23.509999999999998
eqmarl,1297,22.8,2.7129319932501073,23.300000000000004
eqmarl,1298,23.4,1.42828568570857,23.220000000000002
eqmarl,1299,23.8,2.891366458960192,23.440000000000005
eqmarl,1300,23.3,2.6095976701399777,23.490000000000002
eqmarl,1301,22.7,7.4973328590906245,23.41
eqmarl,1302,21.7,6.132699242584786,23.269999999999996
eqmarl,1303,21.9,7.634788798650557,23.000000000000004
eqmarl,1304,22.4,2.1071307505705477,22.93
eqmarl,1305,22.8,3.280243893371345,22.9
eqmarl,1306,22.8,1.6613247725836149,22.76
eqmarl,1307,22.9,2.4269322199023193,22.77
eqmarl,1308,23.6,1.3564659966250536,22.79
eqmarl,1309,23.5,1.6278820596099706,22.76
eqmarl,1310,24.1,2.808914381037628,22.84
eqmarl,1311,25.1,4.109744517606903,23.080000000000002
eqmarl,1312,23.0,2.932575659723036,23.21
eqmarl,1313,23.1,1.8138357147217055,23.330000000000002
eqmarl,1314,23.6,2.9393876913398134,23.45
eqmarl,1315,22.7,3.3181320046074116,23.439999999999998
eqmarl,1316,24.8,1.4696938456699067,23.64
eqmarl,1317,23.0,3.1622776601683795,23.650000000000002
eqmarl,1318,23.4,2.7640549922170505,23.630000000000003
eqmarl,1319,23.8,2.2715633383201093,23.66
eqmarl,1320,23.0,1.8973665961010275,23.55
eqmarl,1321,25.8,2.1354156504062622,23.619999999999997
eqmarl,1322,21.5,1.857417562100671,23.47
eqmarl,1323,23.3,2.4919871588754225,23.490000000000002
eqmarl,1324,24.2,1.8330302779823362,23.550000000000004
eqmarl,1325,23.9,5.300000000000001,23.67
eqmarl,1326,24.0,2.3664319132398464,23.590000000000003
eqmarl,1327,23.0,2.4899799195977463,23.59
eqmarl,1328,23.8,2.315167380558045,23.630000000000003
eqmarl,1329,22.9,2.211334438749598,23.54
eqmarl,1330,23.8,2.0396078054371136,23.619999999999997
eqmarl,1331,22.5,1.6881943016134133,23.29
eqmarl,1332,23.2,1.7776388834631176,23.46
eqmarl,1333,24.4,2.154065922853802,23.570000000000004
eqmarl,1334,22.1,2.1189620100417086,23.360000000000003
eqmarl,1335,20.5,2.0615528128088303,23.020000000000003
eqmarl,1336,23.9,1.9209372712298547,23.010000000000005
eqmarl,1337,24.8,2.7856776554368237,23.19
eqmarl,1338,24.0,1.5491933384829668,23.21
eqmarl,1339,23.6,3.352610922848042,23.28
eqmarl,1340,25.0,2.23606797749979,23.4
eqmarl,1341,23.5,1.746424919657298,23.500000000000004
eqmarl,1342,24.5,2.7294688127912363,23.630000000000003
eqmarl,1343,24.3,2.4919871588754225,23.62
eqmarl,1344,23.6,2.835489375751565,23.77
eqmarl,1345,24.4,2.6153393661244038,24.160000000000004
eqmarl,1346,23.3,2.3259406699226015,24.1
eqmarl,1347,23.8,1.5362291495737217,24.000000000000004
eqmarl,1348,24.4,2.4979991993593593,24.04
eqmarl,1349,25.3,2.4103941586387903,24.21
eqmarl,1350,25.2,2.181742422927143,24.23
eqmarl,1351,23.6,1.685229954635272,24.240000000000002
eqmarl,1352,22.7,3.1,24.06
eqmarl,1353,23.7,1.7916472867168916,24.0
eqmarl,1354,23.4,2.6153393661244038,23.98
eqmarl,1355,23.0,2.6832815729997477,23.84
eqmarl,1356,22.4,3.0397368307141326,23.75
eqmarl,1357,22.9,2.7,23.66
eqmarl,1358,24.7,2.368543856465403,23.689999999999998
eqmarl,1359,24.8,2.181742422927143,23.639999999999997
eqmarl,1360,22.5,2.3769728648009427,23.37
eqmarl,1361,23.7,2.934280150224242,23.380000000000003
eqmarl,1362,21.8,3.54400902933387,23.290000000000003
eqmarl,1363,23.9,1.7578395831246947,23.310000000000006
eqmarl,1364,24.0,1.0,23.370000000000005
eqmarl,1365,24.4,2.009975124224178,23.51
eqmarl,1366,23.9,2.8792360097775944,23.66
eqmarl,1367,23.2,1.7776388834631176,23.69
eqmarl,1368,23.5,2.202271554554524,23.570000000000004
eqmarl,1369,23.9,2.0223748416156684,23.480000000000004
eqmarl,1370,23.1,2.118962010041709,23.540000000000003
eqmarl,1371,23.6,1.8,23.53
eqmarl,1372,24.1,2.9478805945967355,23.759999999999998
eqmarl,1373,24.3,2.934280150224242,23.8
eqmarl,1374,24.0,1.4832396974191326,23.800000000000004
eqmarl,1375,24.0,2.0,23.759999999999998
eqmarl,1376,23.5,2.4186773244895647,23.72
eqmarl,1377,23.8,3.8678159211627436,23.779999999999998
eqmarl,1378,23.3,1.9000000000000001,23.760000000000005
eqmarl,1379,23.3,1.7349351572897471,23.699999999999996
eqmarl,1380,22.7,1.9000000000000001,23.66
eqmarl,1381,24.0,2.7202941017470885,23.700000000000003
eqmarl,1382,22.7,2.7586228448267445,23.56
eqmarl,1383,24.1,3.4481879299133342,23.54
eqmarl,1384,24.4,2.5377155080899043,23.580000000000002
eqmarl,1385,23.3,3.0675723300355937,23.510000000000005
eqmarl,1386,23.7,2.4103941586387903,23.530000000000005
eqmarl,1387,22.5,2.9410882339705484,23.400000000000002
eqmarl,1388,23.1,1.8138357147217055,23.38
eqmarl,1389,23.7,1.7916472867168916,23.419999999999998
eqmarl,1390,24.4,2.497999199359359,23.59
eqmarl,1391,23.2,1.6613247725836149,23.51
eqmarl,1392,24.1,2.0223748416156684,23.650000000000002
eqmarl,1393,24.5,2.8722813232690143,23.69
eqmarl,1394,23.5,1.6881943016134133,23.599999999999998
eqmarl,1395,24.9,1.7000000000000004,23.759999999999998
eqmarl,1396,23.2,2.2271057451320084,23.71
eqmarl,1397,24.0,2.8284271247461903,23.86
eqmarl,1398,23.9,2.4269322199023193,23.940000000000005
eqmarl,1399,23.3,2.685144316419511,23.9
eqmarl,1400,23.9,2.4269322199023193,23.85
eqmarl,1401,24.1,1.9723082923316022,23.94
eqmarl,1402,24.1,2.3,23.940000000000005
eqmarl,1403,23.0,2.0976176963403033,23.790000000000003
eqmarl,1404,22.6,2.7276363393971708,23.700000000000006
eqmarl,1405,24.3,1.7349351572897471,23.640000000000004
eqmarl,1406,23.9,2.211334438749598,23.710000000000004
eqmarl,1407,23.8,1.8330302779823358,23.69
eqmarl,1408,23.3,2.72213151776324,23.630000000000003
eqmarl,1409,22.6,2.537715508089904,23.56
eqmarl,1410,24.4,2.244994432064365,23.610000000000007
eqmarl,1411,24.3,1.7349351572897471,23.630000000000003
eqmarl,1412,24.4,1.6852299546352718,23.660000000000004
eqmarl,1413,22.9,2.844292530665579,23.650000000000002
eqmarl,1414,23.8,1.9390719429665315,23.77
eqmarl,1415,24.2,2.4413111231467406,23.759999999999998
eqmarl,1416,22.4,1.7435595774162698,23.609999999999996
eqmarl,1417,23.7,2.7946377224964243,23.599999999999994
eqmarl,1418,24.6,1.42828568570857,23.73
eqmarl,1419,23.9,1.7578395831246945,23.860000000000003
eqmarl,1420,23.5,1.5652475842498528,23.770000000000003
eqmarl,1421,24.6,2.537715508089904,23.800000000000004
eqmarl,1422,24.4,3.6386810797320503,23.800000000000004
eqmarl,1423,23.7,1.6155494421403511,23.880000000000006
eqmarl,1424,24.3,2.1,23.930000000000003
eqmarl,1425,23.6,2.6153393661244038,23.87
eqmarl,1426,23.2,2.1354156504062622,23.95
eqmarl,1427,24.1,3.1128764832546763,23.990000000000002
eqmarl,1428,22.5,2.4186773244895647,23.78
eqmarl,1429,22.7,1.5524174696260022,23.66
eqmarl,1430,23.9,2.118962010041709,23.700000000000003
eqmarl,1431,24.5,1.9621416870348585,23.69
eqmarl,1432,23.7,3.034798181098704,23.62
eqmarl,1433,24.7,3.3778691508109073,23.72
eqmarl,1434,23.6,2.727636339397171,23.65
eqmarl,1435,24.0,2.0,23.689999999999998
eqmarl,1436,23.3,3.257299494980466,23.699999999999996
eqmarl,1437,24.3,2.72213151776324,23.72
eqmarl,1438,24.0,2.8284271247461903,23.869999999999997
eqmarl,1439,22.3,2.325940669922602,23.830000000000002
eqmarl,1440,23.8,1.7204650534085253,23.82
eqmarl,1441,24.6,1.9078784028338915,23.830000000000002
eqmarl,1442,24.2,4.019950248448356,23.880000000000003
eqmarl,1443,23.5,1.6278820596099706,23.760000000000005
eqmarl,1444,23.7,2.193171219946131,23.770000000000007
eqmarl,1445,23.8,1.5999999999999999,23.750000000000004
eqmarl,1446,23.0,3.924283374069717,23.720000000000002
eqmarl,1447,23.1,1.8681541692269403,23.6
eqmarl,1448,24.0,2.8635642126552705,23.6
eqmarl,1449,23.9,2.467792535850613,23.759999999999998
eqmarl,1450,23.9,2.118962010041709,23.770000000000003
eqmarl,1451,23.8,2.785677655436824,23.69
eqmarl,1452,24.5,2.80178514522438,23.720000000000002
eqmarl,1453,22.6,2.6532998322843198,23.630000000000003
eqmarl,1454,24.2,3.6,23.68
eqmarl,1455,23.3,3.2572994949804657,23.630000000000003
eqmarl,1456,23.8,2.08806130178211,23.710000000000004
eqmarl,1457,24.9,0.9433981132056604,23.89
eqmarl,1458,22.8,2.85657137141714,23.769999999999996
eqmarl,1459,23.7,2.8301943396169813,23.750000000000004
eqmarl,1460,23.7,1.8466185312619388,23.730000000000004
eqmarl,1461,23.6,2.0591260281974,23.710000000000004
eqmarl,1462,24.1,2.9478805945967355,23.67
eqmarl,1463,23.2,1.7776388834631176,23.730000000000004
eqmarl,1464,23.6,3.49857113690718,23.67
eqmarl,1465,25.9,2.4269322199023193,23.93
eqmarl,1466,24.0,1.5491933384829668,23.950000000000003
eqmarl,1467,24.1,1.3747727084867523,23.87
eqmarl,1468,26.0,2.23606797749979,24.19
eqmarl,1469,23.8,2.3579652245103193,24.200000000000003
eqmarl,1470,25.5,2.202271554554524,24.380000000000003
eqmarl,1471,23.6,1.8,24.38
eqmarl,1472,23.5,2.9410882339705484,24.32
eqmarl,1473,23.3,2.0024984394500787,24.330000000000005
eqmarl,1474,24.9,1.445683229480096,24.460000000000008
eqmarl,1475,25.3,2.193171219946131,24.400000000000006
eqmarl,1476,23.2,2.85657137141714,24.32
eqmarl,1477,23.3,2.4919871588754225,24.240000000000002
eqmarl,1478,24.5,1.6278820596099706,24.09
eqmarl,1479,23.3,1.9519221295943139,24.04
eqmarl,1480,23.8,2.521904042583698,23.87
eqmarl,1481,23.6,2.4979991993593593,23.87
eqmarl,1482,23.4,1.7435595774162695,23.86
eqmarl,1483,24.5,2.7294688127912363,23.98
eqmarl,1484,23.5,2.7658633371878665,23.84
eqmarl,1485,24.2,2.1354156504062622,23.730000000000004
eqmarl,1486,23.9,1.8138357147217055,23.800000000000004
eqmarl,1487,23.2,2.3579652245103193,23.79
eqmarl,1488,24.4,2.33238075793812,23.78
eqmarl,1489,25.5,2.3345235059857505,24.000000000000004
eqmarl,1490,23.4,2.4166091947189146,23.96
eqmarl,1491,23.6,1.8,23.96
eqmarl,1492,24.0,2.3664319132398464,24.020000000000003
eqmarl,1493,24.3,1.846618531261939,24.0
eqmarl,1494,25.2,2.6,24.169999999999998
eqmarl,1495,22.7,2.72213151776324,24.020000000000003
eqmarl,1496,25.0,1.9493588689617927,24.130000000000003
eqmarl,1497,23.4,1.2806248474865698,24.150000000000002
eqmarl,1498,23.8,2.227105745132009,24.09
eqmarl,1499,24.0,2.449489742783178,23.939999999999998
eqmarl,1500,23.4,1.3564659966250536,23.94
eqmarl,1501,23.8,2.481934729198171,23.96
eqmarl,1502,24.4,2.2891046284519194,24.000000000000004
eqmarl,1503,23.9,1.8681541692269406,23.96
eqmarl,1504,23.7,1.4177446878757824,23.810000000000002
eqmarl,1505,23.2,3.2186953878862163,23.860000000000003
eqmarl,1506,24.9,2.022374841615669,23.85
eqmarl,1507,24.0,2.1447610589527217,23.910000000000004
eqmarl,1508,25.2,1.4696938456699067,24.05
eqmarl,1509,23.7,2.3685438564654024,24.020000000000003
eqmarl,1510,24.2,1.9390719429665317,24.1
eqmarl,1511,24.3,1.7916472867168918,24.15
eqmarl,1512,23.4,2.1999999999999997,24.05
eqmarl,1513,23.6,2.4576411454889016,24.02
eqmarl,1514,22.6,2.6907248094147422,23.910000000000004
eqmarl,1515,24.7,2.9,24.06
eqmarl,1516,24.8,2.3579652245103193,24.05
eqmarl,1517,24.3,2.1,24.080000000000002
eqmarl,1518,23.9,2.118962010041709,23.950000000000003
eqmarl,1519,23.0,1.4142135623730951,23.880000000000003
eqmarl,1520,24.1,3.4770677301427426,23.870000000000005
eqmarl,1521,24.2,1.98997487421324,23.86
eqmarl,1522,24.9,2.2113344387495983,24.010000000000005
eqmarl,1523,23.7,2.1,24.020000000000007
eqmarl,1524,23.7,3.2572994949804666,24.130000000000003
eqmarl,1525,24.8,2.0396078054371136,24.140000000000004
eqmarl,1526,23.1,1.7578395831246947,23.970000000000002
eqmarl,1527,24.7,2.3259406699226015,24.009999999999998
eqmarl,1528,23.3,2.147091055358389,23.950000000000003
eqmarl,1529,22.7,3.2264531609803355,23.919999999999998
eqmarl,1530,23.9,1.8138357147217055,23.900000000000002
eqmarl,1531,24.8,2.3579652245103193,23.96
eqmarl,1532,24.0,1.7888543819998317,23.870000000000005
eqmarl,1533,25.1,2.4269322199023193,24.01
eqmarl,1534,22.5,1.8027756377319946,23.890000000000004
eqmarl,1535,25.7,1.9000000000000001,23.980000000000004
eqmarl,1536,25.3,3.318132004607412,24.200000000000003
eqmarl,1537,25.4,1.3564659966250536,24.270000000000003
eqmarl,1538,24.7,1.7916472867168918,24.41
eqmarl,1539,26.3,2.451530134426253,24.77
eqmarl,1540,24.7,2.968164415931166,24.849999999999998
eqmarl,1541,23.9,1.8681541692269403,24.759999999999998
eqmarl,1542,23.8,2.9257477676655586,24.74
eqmarl,1543,23.8,1.8330302779823362,24.61
eqmarl,1544,24.4,2.2891046284519194,24.8
eqmarl,1545,25.3,1.9000000000000001,24.760000000000005
eqmarl,1546,24.3,1.4866068747318506,24.660000000000004
eqmarl,1547,24.7,1.8466185312619388,24.590000000000003
eqmarl,1548,24.2,1.9899748742132397,24.54
eqmarl,1549,25.3,1.676305461424021,24.439999999999998
eqmarl,1550,25.3,2.0518284528683193,24.5
eqmarl,1551,22.4,2.6532998322843198,24.35
eqmarl,1552,22.5,3.3241540277189325,24.220000000000002
eqmarl,1553,23.9,2.4269322199023193,24.23
eqmarl,1554,24.6,2.6153393661244038,24.250000000000004
eqmarl,1555,24.2,3.1559467676119,24.140000000000008
eqmarl,1556,23.5,1.9621416870348585,24.060000000000002
eqmarl,1557,23.9,2.879236009777594,23.980000000000004
eqmarl,1558,24.7,2.794637722496424,24.03
eqmarl,1559,24.4,1.8000000000000003,23.94
eqmarl,1560,23.9,2.6248809496813377,23.8
eqmarl,1561,22.6,2.33238075793812,23.820000000000004
eqmarl,1562,25.5,2.4186773244895647,24.120000000000005
eqmarl,1563,23.4,2.2449944320643644,24.070000000000004
eqmarl,1564,23.1,2.6999999999999997,23.92
eqmarl,1565,24.5,2.539685019840059,23.95
eqmarl,1566,24.3,1.676305461424021,24.03
eqmarl,1567,24.3,2.9,24.07
eqmarl,1568,25.2,2.85657137141714,24.12
eqmarl,1569,24.2,2.0396078054371136,24.1
eqmarl,1570,24.4,2.4576411454889016,24.150000000000002
eqmarl,1571,24.4,2.244994432064365,24.330000000000005
eqmarl,1572,23.9,3.4190641994557516,24.17
eqmarl,1573,23.7,3.2264531609803355,24.200000000000003
eqmarl,1574,24.4,2.1071307505705477,24.330000000000002
eqmarl,1575,21.8,1.6,24.060000000000002
eqmarl,1576,23.8,1.8867962264113207,24.01
eqmarl,1577,23.1,2.8089143810376282,23.889999999999997
eqmarl,1578,23.5,1.6881943016134133,23.72
eqmarl,1579,24.1,1.972308292331602,23.71
eqmarl,1580,23.2,2.0396078054371136,23.590000000000003
eqmarl,1581,23.4,3.1685959035509716,23.490000000000002
eqmarl,1582,24.8,2.3579652245103193,23.580000000000002
eqmarl,1583,23.8,2.6,23.59
eqmarl,1584,24.0,3.0,23.549999999999997
eqmarl,1585,24.0,2.6076809620810595,23.770000000000003
eqmarl,1586,23.2,2.6,23.71
eqmarl,1587,23.9,1.8681541692269406,23.79
eqmarl,1588,24.2,1.9390719429665315,23.860000000000007
eqmarl,1589,23.7,2.6476404589747453,23.820000000000004
eqmarl,1590,23.8,1.7204650534085253,23.880000000000003
eqmarl,1591,24.5,2.3345235059857505,23.990000000000002
eqmarl,1592,24.1,3.047950130825634,23.92
eqmarl,1593,23.4,3.583294573433783,23.88
eqmarl,1594,23.2,2.4,23.800000000000004
eqmarl,1595,24.7,2.3259406699226015,23.87
eqmarl,1596,24.5,2.8372521918222215,24.0
eqmarl,1597,23.9,2.662705391138869,24.0
eqmarl,1598,22.1,1.9723082923316015,23.79
eqmarl,1599,23.1,3.3600595232822887,23.73
eqmarl,1600,22.6,1.9078784028338913,23.610000000000003
eqmarl,1601,24.1,1.8681541692269403,23.570000000000004
eqmarl,1602,24.2,2.3579652245103193,23.580000000000005
eqmarl,1603,24.0,2.280350850198276,23.64
eqmarl,1604,24.4,3.1368774282716245,23.76
eqmarl,1605,22.3,2.6095976701399777,23.520000000000003
eqmarl,1606,24.1,3.0805843601498726,23.48
eqmarl,1607,24.5,2.0615528128088303,23.540000000000003
eqmarl,1608,24.0,2.7202941017470885,23.729999999999997
eqmarl,1609,23.5,2.7658633371878665,23.770000000000003
eqmarl,1610,23.8,2.08806130178211,23.890000000000004
eqmarl,1611,23.7,3.0675723300355937,23.85
eqmarl,1612,22.7,2.7946377224964243,23.7
eqmarl,1613,23.6,2.690724809414742,23.66
eqmarl,1614,24.2,3.1874754901018454,23.64
eqmarl,1615,22.9,2.8089143810376282,23.700000000000003
eqmarl,1616,23.2,2.85657137141714,23.61
eqmarl,1617,23.5,2.539685019840059,23.509999999999998
eqmarl,1618,23.6,2.835489375751565,23.470000000000002
eqmarl,1619,22.8,3.0594117081556713,23.400000000000002
eqmarl,1620,22.5,2.9068883707497264,23.270000000000003
eqmarl,1621,23.2,2.1354156504062622,23.220000000000002
eqmarl,1622,24.6,2.457641145488901,23.410000000000004
eqmarl,1623,24.5,2.4596747752497685,23.5
eqmarl,1624,24.7,2.5317977802344327,23.55
eqmarl,1625,25.0,2.6832815729997477,23.759999999999998
eqmarl,1626,24.8,1.7776388834631176,23.92
eqmarl,1627,23.5,2.692582403567252,23.92
eqmarl,1628,23.0,2.5298221281347035,23.860000000000007
eqmarl,1629,23.7,1.8466185312619388,23.950000000000003
eqmarl,1630,24.6,1.6852299546352716,24.160000000000004
eqmarl,1631,23.1,2.256102834535695,24.150000000000002
eqmarl,1632,25.0,2.1908902300206643,24.19
eqmarl,1633,24.7,2.193171219946131,24.21
eqmarl,1634,23.4,2.5377155080899043,24.08
eqmarl,1635,24.0,2.32379000772445,23.980000000000004
eqmarl,1636,25.3,2.72213151776324,24.03
eqmarl,1637,23.9,1.57797338380595,24.07
eqmarl,1638,23.7,2.238302928559939,24.140000000000004
eqmarl,1639,24.4,2.6153393661244038,24.210000000000004
eqmarl,1640,23.8,3.0919249667480613,24.130000000000003
eqmarl,1641,24.0,2.6832815729997477,24.220000000000006
eqmarl,1642,23.5,2.3345235059857505,24.070000000000007
eqmarl,1643,23.5,2.0615528128088303,23.950000000000003
eqmarl,1644,22.8,3.280243893371345,23.890000000000008
eqmarl,1645,24.2,2.891366458960192,23.910000000000004
eqmarl,1646,22.4,2.497999199359359,23.62
eqmarl,1647,23.6,2.835489375751565,23.59
eqmarl,1648,23.3,3.195309061734091,23.549999999999997
eqmarl,1649,23.2,1.9390719429665315,23.43
eqmarl,1650,24.4,2.835489375751565,23.49
eqmarl,1651,24.7,2.6476404589747453,23.56
eqmarl,1652,24.4,2.6532998322843198,23.650000000000002
eqmarl,1653,23.0,1.8439088914585775,23.6
eqmarl,1654,25.5,2.539685019840059,23.870000000000005
eqmarl,1655,22.5,1.9621416870348585,23.700000000000003
eqmarl,1656,21.9,2.808914381037628,23.650000000000002
eqmarl,1657,24.0,2.4083189157584592,23.690000000000005
eqmarl,1658,22.3,2.5317977802344327,23.590000000000007
eqmarl,1659,23.9,2.6248809496813377,23.66
eqmarl,1660,22.0,3.0983866769659336,23.42
eqmarl,1661,22.9,2.4269322199023193,23.24
eqmarl,1662,22.7,2.491987158875423,23.07
eqmarl,1663,23.5,2.5,23.12
eqmarl,1664,23.3,1.004987562112089,22.9
eqmarl,1665,23.4,2.727636339397171,22.99
eqmarl,1666,22.9,1.5132745950421556,23.09
eqmarl,1667,22.6,2.5768197453450252,22.95
eqmarl,1668,24.7,3.8742741255621036,23.19
eqmarl,1669,23.0,2.6076809620810595,23.1
eqmarl,1670,24.1,2.0223748416156684,23.310000000000002
eqmarl,1671,23.3,2.238302928559939,23.35
eqmarl,1672,23.7,3.579106033634656,23.45
eqmarl,1673,23.5,1.91049731745428,23.450000000000006
eqmarl,1674,24.6,3.6386810797320503,23.580000000000005
eqmarl,1675,24.4,1.42828568570857,23.680000000000007
eqmarl,1676,23.7,2.4103941586387903,23.760000000000005
eqmarl,1677,24.6,2.416609194718914,23.960000000000004
eqmarl,1678,23.5,2.539685019840059,23.840000000000003
eqmarl,1679,24.9,2.0223748416156684,24.03
eqmarl,1680,24.2,2.9597297173897488,24.040000000000006
eqmarl,1681,22.6,3.6386810797320503,23.97000000000001
eqmarl,1682,23.4,1.8000000000000003,23.940000000000005
eqmarl,1683,24.9,0.8306623862918074,24.080000000000005
eqmarl,1684,23.2,2.1354156504062622,23.940000000000005
eqmarl,1685,24.0,2.7202941017470885,23.9
eqmarl,1686,24.9,2.5079872407968904,24.020000000000003
eqmarl,1687,25.3,2.7946377224964243,24.090000000000003
eqmarl,1688,23.3,1.345362404707371,24.07
eqmarl,1689,23.7,1.9000000000000001,23.95
eqmarl,1690,25.1,1.9209372712298545,24.040000000000006
eqmarl,1691,25.3,1.9000000000000001,24.310000000000002
eqmarl,1692,23.7,2.9,24.340000000000003
eqmarl,1693,25.6,2.4576411454889016,24.410000000000004
eqmarl,1694,25.0,2.6076809620810595,24.590000000000003
eqmarl,1695,24.2,1.98997487421324,24.610000000000007
eqmarl,1696,23.6,2.1540659228538015,24.480000000000004
eqmarl,1697,23.9,2.3430749027719964,24.340000000000003
eqmarl,1698,23.0,1.4142135623730951,24.310000000000002
eqmarl,1699,24.3,1.7916472867168916,24.370000000000005
eqmarl,1700,25.0,1.2649110640673518,24.360000000000003
eqmarl,1701,23.0,2.7202941017470885,24.130000000000003
eqmarl,1702,23.5,2.4596747752497685,24.110000000000003
eqmarl,1703,23.1,1.2206555615733703,23.86
eqmarl,1704,24.5,4.031128874149275,23.81
eqmarl,1705,22.0,3.8987177379235853,23.59
eqmarl,1706,23.7,2.5709920264364885,23.6
eqmarl,1707,23.4,3.0397368307141326,23.55
eqmarl,1708,25.1,1.8681541692269403,23.76
eqmarl,1709,24.3,3.4365680554879168,23.76
eqmarl,1710,23.3,1.7349351572897471,23.590000000000003
eqmarl,1711,24.5,2.202271554554524,23.74
eqmarl,1712,24.6,3.261901286060018,23.849999999999998
eqmarl,1713,24.6,1.9078784028338913,24.0
eqmarl,1714,25.0,2.4083189157584592,24.05
eqmarl,1715,24.0,2.0,24.25
eqmarl,1716,24.2,1.7204650534085253,24.300000000000004
eqmarl,1717,23.5,2.4596747752497685,24.310000000000002
eqmarl,1718,24.5,3.138470965295043,24.250000000000004
eqmarl,1719,24.3,1.7916472867168916,24.250000000000004
eqmarl,1720,24.1,2.1656407827707715,24.330000000000002
eqmarl,1721,25.0,2.5298221281347035,24.38
eqmarl,1722,24.4,2.537715508089904,24.360000000000003
eqmarl,1723,25.2,3.218695387886217,24.42
eqmarl,1724,22.8,1.3266499161421597,24.200000000000003
eqmarl,1725,22.8,3.4871191548325386,24.080000000000002
eqmarl,1726,23.2,1.7204650534085253,23.980000000000004
eqmarl,1727,24.8,2.181742422927143,24.110000000000003
eqmarl,1728,25.7,3.606937759374287,24.23
eqmarl,1729,23.1,2.118962010041709,24.11
eqmarl,1730,22.9,3.269556544854363,23.99
eqmarl,1731,24.9,2.736786436680802,23.979999999999997
eqmarl,1732,24.2,2.6758176320519307,23.96
eqmarl,1733,24.0,2.04939015319192,23.840000000000003
eqmarl,1734,24.4,1.854723699099141,24.000000000000004
eqmarl,1735,23.7,1.8466185312619388,24.090000000000003
eqmarl,1736,23.2,3.026549190084312,24.090000000000003
eqmarl,1737,22.5,2.4186773244895647,23.860000000000003
eqmarl,1738,24.5,2.80178514522438,23.74
eqmarl,1739,23.7,2.4103941586387903,23.8
eqmarl,1740,25.3,1.9519221295943134,24.040000000000003
eqmarl,1741,24.7,2.3685438564654024,24.02
eqmarl,1742,24.5,2.0124611797498106,24.05
eqmarl,1743,24.8,2.891366458960192,24.130000000000003
eqmarl,1744,24.0,2.792848008753788,24.090000000000003
eqmarl,1745,23.7,2.5709920264364885,24.090000000000007
eqmarl,1746,24.7,2.2825424421026654,24.240000000000006
eqmarl,1747,23.7,1.6155494421403511,24.36
eqmarl,1748,24.5,2.0615528128088303,24.36
eqmarl,1749,23.3,2.1931712199461306,24.32
eqmarl,1750,24.2,2.315167380558045,24.21
eqmarl,1751,24.9,2.1656407827707715,24.230000000000004
eqmarl,1752,24.9,1.3,24.270000000000003
eqmarl,1753,24.6,2.65329983228432,24.25
eqmarl,1754,23.8,1.8330302779823358,24.23
eqmarl,1755,24.9,1.5132745950421558,24.35
eqmarl,1756,23.7,1.4177446878757824,24.250000000000004
eqmarl,1757,24.2,1.5999999999999999,24.300000000000004
eqmarl,1758,23.8,2.315167380558045,24.23
eqmarl,1759,24.8,2.2715633383201093,24.380000000000003
eqmarl,1760,23.3,2.451530134426253,24.29
eqmarl,1761,24.4,1.9595917942265422,24.240000000000006
eqmarl,1762,24.0,2.6832815729997477,24.150000000000006
eqmarl,1763,24.3,1.1874342087037917,24.120000000000005
eqmarl,1764,24.3,2.7946377224964243,24.17
eqmarl,1765,24.0,2.32379000772445,24.08
eqmarl,1766,23.0,2.6457513110645907,24.01
eqmarl,1767,24.0,2.449489742783178,23.990000000000002
eqmarl,1768,25.1,3.1128764832546763,24.12
eqmarl,1769,24.1,1.5779733838059502,24.050000000000004
eqmarl,1770,23.5,1.5652475842498528,24.070000000000004
eqmarl,1771,24.2,2.2271057451320084,24.050000000000004
eqmarl,1772,23.7,3.0675723300355937,24.020000000000007
eqmarl,1773,25.2,1.98997487421324,24.11
eqmarl,1774,26.4,2.6532998322843198,24.32
eqmarl,1775,25.0,2.32379000772445,24.42
eqmarl,1776,22.9,1.972308292331602,24.41
eqmarl,1777,23.3,2.1,24.339999999999996
eqmarl,1778,24.4,2.537715508089904,24.27
eqmarl,1779,23.8,1.9390719429665315,24.240000000000002
eqmarl,1780,23.6,2.4166091947189146,24.25
eqmarl,1781,24.1,2.0223748416156684,24.24
eqmarl,1782,25.0,2.04939015319192,24.369999999999997
eqmarl,1783,24.8,2.5612496949731396,24.330000000000002
eqmarl,1784,24.4,1.6852299546352718,24.130000000000003
eqmarl,1785,23.3,3.606937759374287,23.96
eqmarl,1786,24.4,2.1540659228538015,24.110000000000003
eqmarl,1787,24.3,2.491987158875423,24.210000000000004
eqmarl,1788,25.1,2.3,24.28
eqmarl,1789,24.7,3.132091952673165,24.37
eqmarl,1790,24.7,1.9000000000000001,24.48
eqmarl,1791,23.6,2.4979991993593593,24.429999999999996
eqmarl,1792,24.4,2.0591260281974,24.369999999999997
eqmarl,1793,24.5,2.1095023109728985,24.34
eqmarl,1794,23.7,1.1,24.270000000000003
eqmarl,1795,26.0,2.9664793948382653,24.540000000000006
eqmarl,1796,24.7,2.282542442102666,24.570000000000004
eqmarl,1797,24.5,2.5,24.590000000000003
eqmarl,1798,22.6,2.8,24.340000000000003
eqmarl,1799,24.1,2.3853720883753127,24.28
eqmarl,1800,23.4,3.3226495451672298,24.150000000000002
eqmarl,1801,25.2,2.181742422927143,24.310000000000002
eqmarl,1802,24.5,2.3345235059857505,24.319999999999997
eqmarl,1803,24.2,2.039607805437114,24.29
eqmarl,1804,24.5,2.9410882339705484,24.37
eqmarl,1805,24.7,1.8466185312619385,24.24
eqmarl,1806,23.9,1.813835714721706,24.16
eqmarl,1807,23.6,3.5832945734337835,24.07
eqmarl,1808,22.9,1.7000000000000002,24.099999999999998
eqmarl,1809,26.1,2.8442925306655784,24.299999999999997
eqmarl,1810,24.3,2.934280150224242,24.39
eqmarl,1811,25.6,3.3823069050575527,24.43
eqmarl,1812,24.6,1.9078784028338913,24.439999999999998
eqmarl,1813,24.8,3.249615361854384,24.500000000000004
eqmarl,1814,23.7,2.3685438564654024,24.42
eqmarl,1815,24.4,1.7435595774162698,24.390000000000004
eqmarl,1816,23.6,1.854723699099141,24.360000000000007
eqmarl,1817,24.5,3.0740852297878796,24.450000000000003
eqmarl,1818,22.8,1.3266499161421599,24.440000000000005
eqmarl,1819,24.0,1.7320508075688772,24.230000000000004
eqmarl,1820,25.0,2.8284271247461903,24.300000000000004
eqmarl,1821,23.2,1.7776388834631176,24.060000000000002
eqmarl,1822,22.8,2.481934729198171,23.880000000000003
eqmarl,1823,24.4,2.1540659228538015,23.840000000000007
eqmarl,1824,23.7,2.0999999999999996,23.840000000000003
eqmarl,1825,23.7,2.491987158875423,23.770000000000007
eqmarl,1826,25.5,1.8027756377319946,23.960000000000004
eqmarl,1827,23.3,1.676305461424021,23.840000000000003
eqmarl,1828,23.8,2.85657137141714,23.94
eqmarl,1829,24.1,2.7367864366808017,23.950000000000003
eqmarl,1830,24.5,1.91049731745428,23.900000000000002
eqmarl,1831,24.0,1.8973665961010275,23.980000000000004
eqmarl,1832,25.9,3.5623026261113755,24.290000000000003
eqmarl,1833,23.2,1.0770329614269007,24.170000000000005
eqmarl,1834,23.1,2.1656407827707715,24.11
eqmarl,1835,24.2,3.059411708155671,24.159999999999997
eqmarl,1836,22.6,2.3748684174075834,23.87
eqmarl,1837,24.7,3.001666203960727,24.01
eqmarl,1838,24.6,3.2924155266308657,24.090000000000003
eqmarl,1839,23.5,1.4317821063276353,24.03
eqmarl,1840,24.5,2.202271554554524,24.03
eqmarl,1841,24.3,1.4177446878757824,24.060000000000002
eqmarl,1842,24.4,2.8705400188814645,23.910000000000004
eqmarl,1843,24.6,1.7435595774162698,24.050000000000004
eqmarl,1844,24.9,2.0712315177207974,24.230000000000004
eqmarl,1845,23.0,1.8439088914585775,24.110000000000003
eqmarl,1846,25.7,2.4103941586387903,24.419999999999998
eqmarl,1847,23.3,3.4942810419312296,24.28
eqmarl,1848,24.6,1.562049935181331,24.28
eqmarl,1849,24.8,2.039607805437114,24.41
eqmarl,1850,24.0,1.8439088914585775,24.360000000000007
eqmarl,1851,25.4,2.457641145488901,24.47
eqmarl,1852,24.6,2.6532998322843198,24.490000000000002
eqmarl,1853,23.4,2.8705400188814645,24.37
eqmarl,1854,24.0,2.569046515733026,24.28
eqmarl,1855,22.9,1.9209372712298545,24.270000000000003
eqmarl,1856,23.9,3.6455452267116364,24.090000000000003
eqmarl,1857,26.3,2.238302928559939,24.390000000000004
eqmarl,1858,25.3,3.195309061734091,24.46
eqmarl,1859,25.5,2.9410882339705484,24.53
eqmarl,1860,23.6,1.3564659966250536,24.490000000000002
eqmarl,1861,24.1,2.5865034312755126,24.360000000000003
eqmarl,1862,23.6,2.537715508089904,24.26
eqmarl,1863,22.7,1.8466185312619388,24.19
eqmarl,1864,24.5,3.6124783736376886,24.24
eqmarl,1865,24.2,2.891366458960192,24.369999999999997
eqmarl,1866,25.4,3.555277766926235,24.519999999999996
eqmarl,1867,23.4,2.2449944320643644,24.23
eqmarl,1868,24.1,2.1656407827707715,24.11
eqmarl,1869,24.6,2.1540659228538015,24.020000000000003
eqmarl,1870,24.2,3.458323293158117,24.080000000000005
eqmarl,1871,24.7,2.3685438564654024,24.14
eqmarl,1872,24.9,1.1357816691600546,24.270000000000003
eqmarl,1873,24.5,1.91049731745428,24.45
eqmarl,1874,24.6,1.9595917942265426,24.460000000000004
eqmarl,1875,24.2,2.6758176320519307,24.46
eqmarl,1876,24.4,2.1540659228538015,24.360000000000003
eqmarl,1877,24.0,2.1908902300206643,24.42000000000001
eqmarl,1878,22.7,1.8466185312619388,24.280000000000005
eqmarl,1879,23.6,2.6532998322843198,24.180000000000003
eqmarl,1880,24.8,3.249615361854384,24.240000000000002
eqmarl,1881,23.4,2.4979991993593593,24.11
eqmarl,1882,25.0,2.1447610589527217,24.12
eqmarl,1883,24.1,2.3430749027719964,24.080000000000002
eqmarl,1884,24.5,1.857417562100671,24.07
eqmarl,1885,24.4,2.416609194718914,24.09
eqmarl,1886,24.1,3.7269290307168452,24.060000000000002
eqmarl,1887,23.8,2.749545416973504,24.040000000000003
eqmarl,1888,25.5,2.5,24.32
eqmarl,1889,23.8,2.3579652245103193,24.34
eqmarl,1890,25.1,2.071231517720798,24.37
eqmarl,1891,23.2,2.4413111231467406,24.35
eqmarl,1892,23.8,3.1240998703626617,24.230000000000004
eqmarl,1893,23.4,2.2,24.160000000000004
eqmarl,1894,23.8,2.2271057451320084,24.09
eqmarl,1895,25.9,2.256102834535695,24.240000000000002
eqmarl,1896,24.6,1.8547236990991407,24.29
eqmarl,1897,24.8,2.0880613017821097,24.390000000000004
eqmarl,1898,23.1,2.0223748416156684,24.150000000000002
eqmarl,1899,24.4,2.8,24.21
eqmarl,1900,23.9,1.5132745950421556,24.090000000000003
eqmarl,1901,25.1,1.8681541692269403,24.280000000000005
eqmarl,1902,24.6,1.685229954635272,24.360000000000007
eqmarl,1903,23.0,2.280350850198276,24.320000000000004
eqmarl,1904,24.4,1.7435595774162693,24.380000000000006
eqmarl,1905,24.1,2.50798724079689,24.200000000000003
eqmarl,1906,23.8,1.7776388834631176,24.12
eqmarl,1907,23.7,1.676305461424021,24.01
eqmarl,1908,25.1,1.22065556157337,24.210000000000004
eqmarl,1909,24.9,2.118962010041709,24.260000000000005
eqmarl,1910,25.4,3.261901286060018,24.410000000000004
eqmarl,1911,24.0,2.569046515733026,24.300000000000004
eqmarl,1912,23.3,2.2825424421026654,24.17
eqmarl,1913,25.2,3.026549190084311,24.389999999999997
eqmarl,1914,24.7,3.0347981810987035,24.419999999999998
eqmarl,1915,25.2,2.315167380558045,24.529999999999998
eqmarl,1916,24.4,2.009975124224178,24.59
eqmarl,1917,24.4,2.0591260281974,24.660000000000004
eqmarl,1918,24.7,1.9519221295943134,24.620000000000005
eqmarl,1919,23.9,2.736786436680802,24.520000000000003
eqmarl,1920,23.0,1.8973665961010275,24.28
eqmarl,1921,24.0,2.280350850198276,24.28
eqmarl,1922,23.7,2.1,24.320000000000004
eqmarl,1923,24.2,2.749545416973504,24.22
eqmarl,1924,23.7,2.002498439450079,24.12
eqmarl,1925,25.5,1.91049731745428,24.150000000000006
eqmarl,1926,24.3,2.5709920264364885,24.14
eqmarl,1927,24.0,2.6076809620810595,24.1
eqmarl,1928,24.9,2.3,24.120000000000005
eqmarl,1929,24.4,1.8547236990991407,24.170000000000005
eqmarl,1930,24.7,2.6476404589747453,24.34
eqmarl,1931,24.5,2.3345235059857505,24.39
eqmarl,1932,24.7,2.758622844826744,24.49
eqmarl,1933,25.9,2.211334438749598,24.659999999999997
eqmarl,1934,23.7,2.685144316419511,24.66
eqmarl,1935,23.8,2.315167380558045,24.49
eqmarl,1936,24.9,3.047950130825634,24.550000000000004
eqmarl,1937,23.4,1.2,24.49
eqmarl,1938,24.3,3.1,24.429999999999996
eqmarl,1939,23.1,2.844292530665579,24.3
eqmarl,1940,26.5,2.5787593916455256,24.479999999999997
eqmarl,1941,24.2,1.7776388834631176,24.450000000000003
eqmarl,1942,24.2,1.9390719429665317,24.400000000000006
eqmarl,1943,25.0,1.4142135623730951,24.310000000000002
eqmarl,1944,25.0,2.8635642126552705,24.440000000000005
eqmarl,1945,25.1,1.8681541692269406,24.570000000000004
eqmarl,1946,24.4,2.2,24.520000000000003
eqmarl,1947,25.2,2.3579652245103193,24.700000000000003
eqmarl,1948,25.1,2.1656407827707715,24.780000000000005
eqmarl,1949,23.9,2.8089143810376282,24.860000000000003
eqmarl,1950,23.4,2.457641145488901,24.55
eqmarl,1951,23.6,2.33238075793812,24.49
eqmarl,1952,22.3,2.051828452868319,24.299999999999997
eqmarl,1953,24.2,2.1354156504062622,24.22
eqmarl,1954,24.4,1.8000000000000003,24.16
eqmarl,1955,23.3,3.1,23.980000000000004
eqmarl,1956,24.1,2.467792535850613,23.950000000000006
eqmarl,1957,24.8,3.0265491900843116,23.910000000000004
eqmarl,1958,25.0,1.6733200530681511,23.9
eqmarl,1959,24.5,1.284523257866513,23.96
eqmarl,1960,25.5,2.3769728648009427,24.17
eqmarl,1961,23.8,2.6758176320519302,24.19
eqmarl,1962,24.0,2.4083189157584592,24.36
eqmarl,1963,24.7,1.4866068747318506,24.409999999999997
eqmarl,1964,23.7,2.6476404589747458,24.34
eqmarl,1965,24.6,1.42828568570857,24.470000000000002
eqmarl,1966,23.7,2.531797780234433,24.430000000000003
eqmarl,1967,23.9,3.3600595232822887,24.340000000000003
eqmarl,1968,24.7,2.5317977802344322,24.310000000000002
eqmarl,1969,23.3,3.465544690232691,24.190000000000005
eqmarl,1970,23.6,2.690724809414742,24.0
eqmarl,1971,24.2,2.749545416973504,24.04
eqmarl,1972,24.9,1.8681541692269406,24.130000000000003
eqmarl,1973,23.8,2.521904042583698,24.040000000000003
eqmarl,1974,24.8,2.2715633383201093,24.150000000000006
eqmarl,1975,23.9,2.981610303175115,24.080000000000002
eqmarl,1976,25.4,2.6532998322843198,24.25
eqmarl,1977,24.0,2.569046515733026,24.260000000000005
eqmarl,1978,23.8,3.8157568056677835,24.169999999999998
eqmarl,1979,24.3,2.72213151776324,24.27
eqmarl,1980,23.9,2.118962010041709,24.3
eqmarl,1981,22.6,2.2449944320643644,24.140000000000004
eqmarl,1982,23.0,2.6076809620810595,23.950000000000006
eqmarl,1983,23.6,3.4409301068170506,23.930000000000003
eqmarl,1984,25.6,2.1071307505705477,24.010000000000005
eqmarl,1985,23.0,3.0,23.919999999999998
eqmarl,1986,24.5,1.8027756377319946,23.830000000000005
eqmarl,1987,23.4,2.33238075793812,23.77
eqmarl,1988,26.1,2.7367864366808017,24.0
eqmarl,1989,23.0,2.932575659723036,23.870000000000005
eqmarl,1990,25.9,2.6999999999999997,24.07
eqmarl,1991,24.5,1.6881943016134133,24.26
eqmarl,1992,22.2,3.4583232931581165,24.18
eqmarl,1993,23.1,5.39351462406472,24.13
eqmarl,1994,25.2,2.2271057451320084,24.089999999999996
eqmarl,1995,25.6,1.3564659966250538,24.35
eqmarl,1996,20.7,7.294518489934754,23.97
eqmarl,1997,21.5,7.269800547470337,23.78
eqmarl,1998,26.6,1.8,23.830000000000002
eqmarl,1999,24.1,1.7578395831246947,23.939999999999998
eqmarl,2000,25.0,2.23606797749979,23.85
eqmarl,2001,24.9,3.505709628591621,23.89
eqmarl,2002,22.2,7.807688518377254,23.89
eqmarl,2003,24.4,1.854723699099141,24.02
eqmarl,2004,23.1,3.047950130825634,23.810000000000002
eqmarl,2005,24.5,2.3345235059857505,23.7
eqmarl,2006,22.9,2.5865034312755126,23.919999999999998
eqmarl,2007,24.2,4.1182520563948,24.189999999999998
eqmarl,2008,23.9,2.2561028345356955,23.92
eqmarl,2009,22.9,2.0223748416156684,23.799999999999997
eqmarl,2010,25.3,2.72213151776324,23.83
eqmarl,2011,24.2,2.6758176320519307,23.759999999999998
eqmarl,2012,24.8,1.4696938456699067,24.02
eqmarl,2013,25.2,1.9390719429665315,24.1
eqmarl,2014,24.4,2.6153393661244038,24.23
eqmarl,2015,24.7,2.451530134426253,24.25
eqmarl,2016,24.7,2.4919871588754225,24.43
eqmarl,2017,24.4,1.8547236990991407,24.45
eqmarl,2018,24.6,3.0724582991474434,24.52
eqmarl,2019,25.4,2.6153393661244038,24.770000000000003
eqmarl,2020,25.1,1.6401219466856727,24.750000000000004
eqmarl,2021,24.0,2.756809750418044,24.730000000000004
eqmarl,2022,24.7,1.7349351572897471,24.72
eqmarl,2023,24.5,3.0083217912982647,24.650000000000002
eqmarl,2024,23.7,2.3685438564654024,24.580000000000002
eqmarl,2025,25.1,2.5079872407968904,24.62
eqmarl,2026,24.2,3.091924966748062,24.570000000000007
eqmarl,2027,24.4,1.6248076809271923,24.570000000000004
eqmarl,2028,23.7,2.282542442102666,24.480000000000004
eqmarl,2029,24.2,3.0919249667480613,24.360000000000007
eqmarl,2030,23.8,1.4696938456699067,24.23
eqmarl,2031,25.9,2.118962010041709,24.42
eqmarl,2032,24.0,2.3664319132398464,24.349999999999994
eqmarl,2033,23.8,2.638181191654584,24.279999999999998
eqmarl,2034,24.7,2.685144316419511,24.38
eqmarl,2035,23.9,0.9433981132056604,24.259999999999998
eqmarl,2036,24.0,1.8439088914585775,24.240000000000002
eqmarl,2037,23.7,2.4515301344262532,24.170000000000005
eqmarl,2038,24.5,2.5,24.25
eqmarl,2039,25.5,1.3601470508735443,24.380000000000006
eqmarl,2040,24.5,2.4186773244895647,24.450000000000003
eqmarl,2041,24.6,3.6660605559646724,24.320000000000004
eqmarl,2042,24.4,2.416609194718914,24.360000000000003
eqmarl,2043,25.4,1.8,24.520000000000003
eqmarl,2044,24.0,2.1908902300206643,24.450000000000003
eqmarl,2045,23.2,2.2271057451320084,24.380000000000003
eqmarl,2046,23.7,1.9000000000000001,24.350000000000005
eqmarl,2047,23.1,1.7,24.29
eqmarl,2048,24.4,2.3323807579381204,24.28
eqmarl,2049,26.1,2.5079872407968904,24.34
eqmarl,2050,24.3,1.4177446878757824,24.32
eqmarl,2051,25.3,1.3453624047073711,24.39
eqmarl,2052,25.2,2.2715633383201093,24.47
eqmarl,2053,24.1,2.071231517720798,24.34
eqmarl,2054,25.2,2.7129319932501077,24.46
eqmarl,2055,23.5,1.6881943016134133,24.490000000000002
eqmarl,2056,23.9,2.1656407827707715,24.51
eqmarl,2057,24.6,3.6110940170535573,24.660000000000004
eqmarl,2058,24.2,1.0770329614269007,24.64
eqmarl,2059,25.1,2.5865034312755126,24.540000000000003
eqmarl,2060,24.6,2.835489375751565,24.570000000000004
eqmarl,2061,23.6,2.835489375751565,24.400000000000002
eqmarl,2062,24.0,2.23606797749979,24.28
eqmarl,2063,23.2,2.6,24.189999999999998
eqmarl,2064,24.6,1.854723699099141,24.130000000000003
eqmarl,2065,25.6,2.1540659228538015,24.340000000000003
eqmarl,2066,24.8,1.8330302779823362,24.430000000000003
eqmarl,2067,24.6,2.416609194718914,24.430000000000003
eqmarl,2068,24.9,1.9209372712298547,24.5
eqmarl,2069,24.0,2.0,24.39
eqmarl,2070,24.8,2.039607805437114,24.41
eqmarl,2071,25.2,2.85657137141714,24.57
eqmarl,2072,24.2,1.5999999999999999,24.590000000000003
eqmarl,2073,23.5,1.9621416870348585,24.620000000000005
eqmarl,2074,24.6,2.690724809414742,24.620000000000005
eqmarl,2075,23.7,2.570992026436488,24.430000000000003
eqmarl,2076,22.6,1.42828568570857,24.210000000000004
eqmarl,2077,24.3,1.6155494421403511,24.180000000000003
eqmarl,2078,24.2,1.4,24.11
eqmarl,2079,24.3,2.9,24.14
eqmarl,2080,24.0,2.3664319132398464,24.060000000000002
eqmarl,2081,23.9,2.5475478405713994,23.93
eqmarl,2082,25.1,2.3430749027719964,24.020000000000007
eqmarl,2083,24.5,2.7658633371878665,24.12
eqmarl,2084,25.1,2.343074902771996,24.17
eqmarl,2085,24.1,2.118962010041709,24.210000000000004
eqmarl,2086,23.0,3.492849839314596,24.250000000000004
eqmarl,2087,25.2,3.1874754901018454,24.340000000000003
eqmarl,2088,24.7,1.5524174696260022,24.39
eqmarl,2089,24.9,2.5475478405713994,24.449999999999996
eqmarl,2090,24.1,1.9723082923316018,24.460000000000004
eqmarl,2091,24.1,2.6627053911388696,24.480000000000004
eqmarl,2092,25.0,1.7320508075688772,24.470000000000002
eqmarl,2093,23.1,1.7000000000000004,24.33
eqmarl,2094,25.0,2.7202941017470885,24.32
eqmarl,2095,23.6,2.835489375751565,24.27
eqmarl,2096,25.2,3.026549190084311,24.49
eqmarl,2097,24.1,2.3,24.380000000000003
eqmarl,2098,24.8,2.712931993250108,24.39
eqmarl,2099,23.6,1.3564659966250536,24.26
eqmarl,2100,23.1,2.947880594596735,24.16
eqmarl,2101,24.6,2.33238075793812,24.21
eqmarl,2102,25.3,2.9342801502242417,24.240000000000002
eqmarl,2103,25.0,1.8439088914585775,24.430000000000003
eqmarl,2104,24.2,1.5362291495737217,24.35
eqmarl,2105,24.6,2.576819745345025,24.450000000000003
eqmarl,2106,24.4,1.8000000000000003,24.37
eqmarl,2107,24.6,2.4979991993593593,24.420000000000005
eqmarl,2108,25.6,2.7640549922170505,24.5
eqmarl,2109,24.4,1.854723699099141,24.580000000000002
eqmarl,2110,24.1,2.5079872407968904,24.68
eqmarl,2111,24.2,2.6,24.64
eqmarl,2112,25.9,2.1656407827707715,24.7
eqmarl,2113,25.2,2.0880613017821097,24.72
eqmarl,2114,25.2,1.7204650534085253,24.82
eqmarl,2115,24.5,3.1064449134018135,24.81
eqmarl,2116,24.0,2.1447610589527217,24.770000000000003
eqmarl,2117,24.5,2.3345235059857505,24.76
eqmarl,2118,25.1,2.6999999999999997,24.71
eqmarl,2119,23.6,2.835489375751565,24.630000000000003
eqmarl,2120,23.9,1.7,24.610000000000003
eqmarl,2121,23.6,2.537715508089904,24.55
eqmarl,2122,23.8,2.6758176320519302,24.34
eqmarl,2123,24.0,2.6832815729997477,24.22
eqmarl,2124,25.0,2.280350850198276,24.200000000000003
eqmarl,2125,24.2,2.227105745132009,24.17
eqmarl,2126,23.4,1.9595917942265424,24.110000000000003
eqmarl,2127,24.3,1.9000000000000001,24.09
eqmarl,2128,25.0,2.0976176963403033,24.080000000000002
eqmarl,2129,25.8,2.785677655436824,24.299999999999997
eqmarl,2130,25.0,2.04939015319192,24.410000000000004
eqmarl,2131,23.9,1.7000000000000004,24.439999999999998
eqmarl,2132,23.3,2.6476404589747453,24.39
eqmarl,2133,24.6,2.416609194718914,24.450000000000003
eqmarl,2134,25.2,2.2271057451320084,24.470000000000002
eqmarl,2135,25.5,2.80178514522438,24.6
eqmarl,2136,25.7,2.325940669922602,24.830000000000002
eqmarl,2137,24.3,2.6851443164195103,24.830000000000002
eqmarl,2138,26.0,2.756809750418044,24.930000000000003
eqmarl,2139,25.6,2.009975124224178,24.910000000000004
eqmarl,2140,23.9,2.5079872407968904,24.800000000000004
eqmarl,2141,23.3,2.8301943396169813,24.740000000000002
eqmarl,2142,23.5,1.857417562100671,24.760000000000005
eqmarl,2143,24.2,1.9899748742132397,24.720000000000006
eqmarl,2144,23.7,2.0518284528683193,24.570000000000004
eqmarl,2145,25.4,2.2,24.56
eqmarl,2146,26.0,2.756809750418044,24.59
eqmarl,2147,25.1,1.972308292331602,24.67
eqmarl,2148,24.4,1.562049935181331,24.510000000000005
eqmarl,2149,24.8,1.5999999999999999,24.430000000000003
eqmarl,2150,25.8,2.785677655436824,24.619999999999997
eqmarl,2151,24.8,2.7856776554368237,24.77
eqmarl,2152,24.3,1.8466185312619385,24.849999999999998
eqmarl,2153,24.6,2.7640549922170505,24.89
eqmarl,2154,24.0,2.8284271247461903,24.92
eqmarl,2155,25.0,0.8944271909999159,24.880000000000003
eqmarl,2156,22.1,1.6401219466856727,24.490000000000002
eqmarl,2157,25.0,2.3664319132398464,24.480000000000004
eqmarl,2158,24.3,2.5317977802344327,24.470000000000002
eqmarl,2159,24.9,2.5865034312755126,24.480000000000004
eqmarl,2160,24.4,3.2310988842807022,24.340000000000007
eqmarl,2161,25.3,3.0347981810987035,24.390000000000004
eqmarl,2162,23.6,2.1071307505705477,24.320000000000004
eqmarl,2163,24.1,2.3,24.270000000000003
eqmarl,2164,25.3,2.0518284528683193,24.400000000000002
eqmarl,2165,24.3,1.7349351572897473,24.330000000000002
eqmarl,2166,24.6,2.6153393661244038,24.580000000000002
eqmarl,2167,24.6,2.8705400188814645,24.540000000000003
eqmarl,2168,26.2,1.9390719429665317,24.730000000000004
eqmarl,2169,22.9,1.9209372712298547,24.530000000000005
eqmarl,2170,23.1,1.5132745950421556,24.400000000000002
eqmarl,2171,25.7,3.1,24.44
eqmarl,2172,24.7,2.6095976701399777,24.55
eqmarl,2173,25.1,2.5475478405713994,24.650000000000002
eqmarl,2174,23.8,1.7204650534085253,24.5
eqmarl,2175,24.7,2.282542442102666,24.540000000000003
eqmarl,2176,23.7,1.1874342087037917,24.45
eqmarl,2177,25.1,2.118962010041709,24.500000000000004
eqmarl,2178,24.5,3.2326459750489227,24.330000000000002
eqmarl,2179,23.4,2.3748684174075834,24.380000000000003
eqmarl,2180,26.1,2.3853720883753127,24.680000000000003
eqmarl,2181,24.6,1.2,24.570000000000004
eqmarl,2182,25.4,2.1540659228538015,24.64
eqmarl,2183,24.8,1.8330302779823358,24.61
eqmarl,2184,23.7,2.0024984394500787,24.6
eqmarl,2185,23.9,2.7367864366808017,24.520000000000003
eqmarl,2186,25.1,3.176476034853718,24.660000000000004
eqmarl,2187,24.9,3.047950130825634,24.640000000000008
eqmarl,2188,24.1,2.3430749027719964,24.600000000000005
eqmarl,2189,24.1,1.5132745950421556,24.67
eqmarl,2190,24.0,3.3166247903554,24.46
eqmarl,2191,26.2,1.8330302779823362,24.62
eqmarl,2192,24.8,2.521904042583698,24.560000000000002
eqmarl,2193,25.4,2.727636339397171,24.62
eqmarl,2194,24.5,2.0615528128088303,24.7
eqmarl,2195,23.9,2.1189620100417086,24.7
eqmarl,2196,25.0,2.6457513110645907,24.69
eqmarl,2197,25.4,2.0591260281974,24.74
eqmarl,2198,25.8,2.4,24.909999999999997
eqmarl,2199,23.6,3.411744421846396,24.86
eqmarl,2200,24.2,2.315167380558045,24.880000000000003
eqmarl,2201,25.0,1.6733200530681511,24.760000000000005
eqmarl,2202,23.6,2.009975124224178,24.64
eqmarl,2203,24.4,1.9078784028338915,24.540000000000003
eqmarl,2204,25.1,1.3,24.6
eqmarl,2205,24.2,1.5362291495737215,24.630000000000003
eqmarl,2206,24.8,1.0770329614269007,24.610000000000003
eqmarl,2207,24.5,2.7294688127912363,24.519999999999996
eqmarl,2208,24.3,1.7349351572897471,24.369999999999997
eqmarl,2209,25.8,2.2715633383201093,24.590000000000003
eqmarl,2210,25.3,1.9519221295943134,24.700000000000003
eqmarl,2211,24.7,2.3685438564654024,24.67
eqmarl,2212,24.5,2.202271554554524,24.76
eqmarl,2213,23.8,1.5362291495737217,24.699999999999996
eqmarl,2214,24.4,1.9078784028338913,24.63
eqmarl,2215,25.3,2.193171219946131,24.740000000000006
eqmarl,2216,26.2,2.5612496949731396,24.880000000000006
eqmarl,2217,24.5,2.0124611797498106,24.880000000000003
eqmarl,2218,24.3,2.4103941586387903,24.880000000000003
eqmarl,2219,23.2,1.5999999999999999,24.62
eqmarl,2220,25.6,1.1135528725660042,24.65
eqmarl,2221,24.0,1.6733200530681511,24.58
eqmarl,2222,24.4,2.1071307505705477,24.570000000000004
eqmarl,2223,25.4,1.7435595774162695,24.73
eqmarl,2224,25.4,2.727636339397171,24.830000000000002
eqmarl,2225,24.6,1.8547236990991407,24.76
eqmarl,2226,24.4,3.746998799039039,24.580000000000002
eqmarl,2227,25.4,2.6532998322843198,24.67
eqmarl,2228,24.1,1.6401219466856727,24.650000000000002
eqmarl,2229,23.4,3.1685959035509716,24.67
eqmarl,2230,23.4,1.9078784028338915,24.45
eqmarl,2231,24.5,1.746424919657298,24.5
eqmarl,2232,25.1,2.4269322199023193,24.57
eqmarl,2233,24.9,2.071231517720798,24.520000000000003
eqmarl,2234,25.1,1.757839583124695,24.490000000000006
eqmarl,2235,25.5,2.3345235059857505,24.580000000000005
eqmarl,2236,23.5,2.6172504656604803,24.490000000000002
eqmarl,2237,23.9,2.467792535850613,24.340000000000003
eqmarl,2238,25.6,2.289104628451919,24.490000000000002
eqmarl,2239,24.7,1.2688577540449522,24.620000000000005
eqmarl,2240,24.7,2.4103941586387903,24.75
eqmarl,2241,24.9,1.9209372712298545,24.79
eqmarl,2242,24.0,1.5491933384829668,24.68
eqmarl,2243,25.0,2.1908902300206643,24.689999999999998
eqmarl,2244,24.7,1.9519221295943134,24.65
eqmarl,2245,23.8,1.9899748742132397,24.48
eqmarl,2246,23.3,2.8653097563788807,24.46
eqmarl,2247,26.5,1.9621416870348585,24.72
eqmarl,2248,23.7,2.0024984394500787,24.530000000000005
eqmarl,2249,24.9,1.6401219466856727,24.550000000000004
eqmarl,2250,24.5,1.6881943016134133,24.530000000000005
eqmarl,2251,24.7,2.451530134426253,24.51
eqmarl,2252,23.9,1.9209372712298547,24.500000000000004
eqmarl,2253,24.8,3.026549190084311,24.480000000000004
eqmarl,2254,25.0,2.1447610589527217,24.51
eqmarl,2255,23.7,1.7349351572897471,24.5
eqmarl,2256,24.3,2.570992026436488,24.600000000000005
eqmarl,2257,25.0,2.32379000772445,24.450000000000003
eqmarl,2258,24.7,2.9681644159311658,24.55
eqmarl,2259,23.4,1.8547236990991407,24.4
eqmarl,2260,24.1,1.5132745950421556,24.36
eqmarl,2261,24.3,1.4177446878757824,24.32
eqmarl,2262,25.2,1.6613247725836147,24.450000000000003
eqmarl,2263,25.5,1.5,24.520000000000003
eqmarl,2264,25.2,2.749545416973504,24.540000000000003
eqmarl,2265,23.8,1.8330302779823362,24.55
eqmarl,2266,24.5,3.0083217912982647,24.569999999999997
eqmarl,2267,24.8,2.3579652245103193,24.55
eqmarl,2268,25.0,2.3664319132398464,24.58
eqmarl,2269,24.7,1.9519221295943134,24.71
eqmarl,2270,24.7,1.4866068747318506,24.77
eqmarl,2271,24.6,2.537715508089904,24.8
eqmarl,2272,24.7,2.282542442102666,24.75
eqmarl,2273,24.8,1.9390719429665315,24.680000000000003
eqmarl,2274,25.2,2.3579652245103193,24.68
eqmarl,2275,23.4,2.416609194718914,24.64
eqmarl,2276,24.0,2.932575659723036,24.590000000000003
eqmarl,2277,24.2,2.4,24.53000000000001
eqmarl,2278,24.8,1.8867962264113207,24.51
eqmarl,2279,24.3,2.9,24.470000000000002
eqmarl,2280,25.3,1.7349351572897471,24.530000000000005
eqmarl,2281,25.2,1.2489995996796797,24.59
eqmarl,2282,24.2,2.0396078054371136,24.54
eqmarl,2283,25.1,2.467792535850613,24.570000000000004
eqmarl,2284,25.4,2.2891046284519194,24.59
eqmarl,2285,23.9,1.5779733838059504,24.640000000000004
eqmarl,2286,24.6,2.576819745345025,24.7
eqmarl,2287,23.6,2.3748684174075834,24.64
eqmarl,2288,24.7,2.451530134426253,24.63
eqmarl,2289,25.5,1.9621416870348585,24.75
eqmarl,2290,23.4,2.2449944320643644,24.56
eqmarl,2291,24.5,2.80178514522438,24.49
eqmarl,2292,24.6,1.8,24.53
eqmarl,2293,24.5,2.247220505424423,24.47
eqmarl,2294,26.2,2.6381811916545836,24.550000000000004
eqmarl,2295,24.7,1.8466185312619385,24.630000000000003
eqmarl,2296,26.4,2.6532998322843198,24.810000000000002
eqmarl,2297,25.2,0.9797958971132712,24.970000000000002
eqmarl,2298,23.5,1.284523257866513,24.85
eqmarl,2299,24.6,2.537715508089904,24.76
eqmarl,2300,24.5,2.4596747752497685,24.870000000000005
eqmarl,2301,23.0,3.5496478698597698,24.720000000000002
eqmarl,2302,24.6,1.562049935181331,24.720000000000002
eqmarl,2303,24.3,2.0518284528683193,24.700000000000003
eqmarl,2304,24.4,1.4966629547095767,24.520000000000003
eqmarl,2305,24.2,3.6000000000000005,24.470000000000006
eqmarl,2306,24.4,1.854723699099141,24.270000000000007
eqmarl,2307,24.5,2.202271554554524,24.200000000000003
eqmarl,2308,24.5,3.774917217635375,24.3
eqmarl,2309,24.3,1.4866068747318506,24.27
eqmarl,2310,24.6,3.0397368307141326,24.28
eqmarl,2311,24.1,2.6627053911388696,24.39
eqmarl,2312,24.3,2.5709920264364885,24.36
eqmarl,2313,25.1,2.7367864366808017,24.44
eqmarl,2314,24.0,2.3664319132398464,24.400000000000006
eqmarl,2315,25.0,3.4351128074635335,24.480000000000004
eqmarl,2316,24.4,1.3564659966250538,24.48
eqmarl,2317,24.4,2.4576411454889016,24.470000000000006
eqmarl,2318,23.8,1.4696938456699067,24.400000000000002
eqmarl,2319,25.0,3.22490309931942,24.470000000000002
eqmarl,2320,24.0,3.1304951684997055,24.409999999999997
eqmarl,2321,24.3,1.676305461424021,24.43
eqmarl,2322,24.9,2.3,24.490000000000002
eqmarl,2323,24.5,2.247220505424423,24.430000000000003
eqmarl,2324,25.1,1.374772708486752,24.54
eqmarl,2325,25.4,2.727636339397171,24.58
eqmarl,2326,23.9,2.0223748416156684,24.53
eqmarl,2327,25.4,2.1071307505705477,24.630000000000003
eqmarl,2328,24.3,2.6095976701399777,24.68
eqmarl,2329,24.3,3.3778691508109073,24.61
eqmarl,2330,26.5,2.1563858652847827,24.86
eqmarl,2331,24.7,1.676305461424021,24.9
eqmarl,2332,26.0,1.3416407864998738,25.009999999999998
eqmarl,2333,25.5,2.6172504656604803,25.110000000000003
eqmarl,2334,23.4,1.2806248474865698,24.94
eqmarl,2335,24.2,2.315167380558045,24.82
eqmarl,2336,24.1,2.0223748416156684,24.84
eqmarl,2337,24.7,2.451530134426253,24.77
eqmarl,2338,24.8,2.315167380558045,24.82
eqmarl,2339,24.8,2.4413111231467406,24.87
eqmarl,2340,23.9,2.118962010041709,24.610000000000003
eqmarl,2341,25.0,2.0,24.640000000000004
eqmarl,2342,24.3,2.3259406699226015,24.470000000000002
eqmarl,2343,24.4,2.4979991993593593,24.360000000000003
eqmarl,2344,24.5,1.8027756377319946,24.470000000000002
eqmarl,2345,24.5,1.857417562100671,24.500000000000004
eqmarl,2346,25.5,2.9068883707497264,24.64
eqmarl,2347,24.7,2.147091055358389,24.64
eqmarl,2348,25.5,2.29128784747792,24.71
eqmarl,2349,25.3,1.676305461424021,24.76
eqmarl,2350,25.3,1.5524174696260022,24.900000000000002
eqmarl,2351,25.0,2.8635642126552705,24.900000000000002
eqmarl,2352,24.4,2.374868417407584,24.910000000000004
eqmarl,2353,24.0,1.1832159566199232,24.870000000000005
eqmarl,2354,25.1,1.5779733838059502,24.930000000000003
eqmarl,2355,25.3,1.1874342087037917,25.01000000000001
eqmarl,2356,25.1,1.445683229480096,24.970000000000006
eqmarl,2357,25.8,2.181742422927143,25.080000000000005
eqmarl,2358,24.6,2.4576411454889016,24.990000000000002
eqmarl,2359,24.2,2.2271057451320084,24.880000000000003
eqmarl,2360,25.4,1.8,24.89
eqmarl,2361,24.8,1.3266499161421599,24.87
eqmarl,2362,23.8,2.181742422927143,24.810000000000002
eqmarl,2363,24.0,2.1908902300206643,24.810000000000002
eqmarl,2364,24.1,1.7,24.710000000000004
eqmarl,2365,25.7,2.6095976701399777,24.750000000000004
eqmarl,2366,24.7,2.6095976701399777,24.71
eqmarl,2367,25.0,2.792848008753788,24.630000000000003
eqmarl,2368,26.2,2.85657137141714,24.790000000000003
eqmarl,2369,24.2,2.6381811916545836,24.79
eqmarl,2370,25.1,2.3853720883753122,24.76
eqmarl,2371,23.8,2.785677655436824,24.660000000000004
eqmarl,2372,24.6,2.1071307505705477,24.740000000000002
eqmarl,2373,24.8,1.8330302779823362,24.82
eqmarl,2374,25.5,2.1095023109728985,24.96
eqmarl,2375,25.5,2.8722813232690143,24.940000000000005
eqmarl,2376,24.8,2.0880613017821097,24.950000000000006
eqmarl,2377,26.0,1.4142135623730951,25.050000000000004
eqmarl,2378,24.0,2.898275349237888,24.830000000000005
eqmarl,2379,23.7,3.1320919526731648,24.780000000000005
eqmarl,2380,25.7,2.794637722496424,24.840000000000007
eqmarl,2381,24.1,1.5779733838059502,24.870000000000005
eqmarl,2382,25.3,2.934280150224242,24.940000000000005
eqmarl,2383,25.4,2.1071307505705477,25.000000000000004
eqmarl,2384,23.4,1.854723699099141,24.790000000000003
eqmarl,2385,24.6,1.7435595774162698,24.700000000000003
eqmarl,2386,24.3,2.4919871588754225,24.650000000000002
eqmarl,2387,24.1,2.1656407827707715,24.46
eqmarl,2388,25.5,2.3769728648009427,24.610000000000003
eqmarl,2389,24.1,2.1656407827707715,24.650000000000002
eqmarl,2390,23.9,2.118962010041709,24.470000000000002
eqmarl,2391,24.4,2.1071307505705477,24.500000000000004
eqmarl,2392,24.0,1.9493588689617927,24.370000000000005
eqmarl,2393,24.0,2.1908902300206643,24.230000000000004
eqmarl,2394,25.6,2.90516780926679,24.450000000000003
eqmarl,2395,26.0,1.9493588689617927,24.590000000000003
eqmarl,2396,25.7,2.9342801502242417,24.730000000000004
eqmarl,2397,24.0,2.6457513110645907,24.720000000000006
eqmarl,2398,23.4,1.8547236990991407,24.51
eqmarl,2399,23.6,1.8547236990991407,24.459999999999997
eqmarl,2400,24.7,2.1,24.54
eqmarl,2401,24.4,2.2891046284519194,24.540000000000003
eqmarl,2402,24.7,1.1,24.61
eqmarl,2403,24.5,2.692582403567252,24.66
eqmarl,2404,25.2,2.891366458960192,24.619999999999997
eqmarl,2405,24.1,2.5865034312755126,24.43
eqmarl,2406,24.5,2.8372521918222215,24.31
eqmarl,2407,25.2,3.54400902933387,24.43
eqmarl,2408,25.2,2.1354156504062622,24.61
eqmarl,2409,24.9,2.7730849247724096,24.740000000000002
eqmarl,2410,23.3,1.8466185312619385,24.6
eqmarl,2411,24.7,2.0518284528683193,24.629999999999995
eqmarl,2412,24.1,3.0805843601498726,24.569999999999997
eqmarl,2413,25.0,2.792848008753788,24.62
eqmarl,2414,24.0,3.4641016151377544,24.5
eqmarl,2415,25.1,1.3,24.600000000000005
eqmarl,2416,25.5,1.746424919657298,24.700000000000003
eqmarl,2417,24.5,1.746424919657298,24.630000000000003
eqmarl,2418,23.9,2.2561028345356955,24.500000000000004
eqmarl,2419,24.9,2.1656407827707715,24.5
eqmarl,2420,25.1,2.211334438749598,24.680000000000003
eqmarl,2421,24.1,2.8442925306655784,24.620000000000005
eqmarl,2422,25.0,3.03315017762062,24.71
eqmarl,2423,25.7,2.5317977802344322,24.78
eqmarl,2424,24.0,2.04939015319192,24.78
eqmarl,2425,25.7,2.3685438564654024,24.840000000000003
eqmarl,2426,23.7,2.147091055358389,24.66
eqmarl,2427,23.1,2.3853720883753127,24.520000000000003
eqmarl,2428,23.9,1.9209372712298547,24.520000000000003
eqmarl,2429,24.8,2.4413111231467406,24.51
eqmarl,2430,24.0,3.847076812334269,24.4
eqmarl,2431,25.6,2.0591260281974,24.550000000000004
eqmarl,2432,24.5,2.6172504656604803,24.500000000000004
eqmarl,2433,24.5,1.5652475842498528,24.380000000000003
eqmarl,2434,24.1,3.0479501308256345,24.39
eqmarl,2435,23.3,2.0999999999999996,24.15
eqmarl,2436,23.4,2.3748684174075834,24.12
eqmarl,2437,24.0,3.4641016151377544,24.21
eqmarl,2438,24.1,1.9209372712298545,24.23
eqmarl,2439,24.8,2.0396078054371136,24.230000000000004
eqmarl,2440,24.1,2.1656407827707715,24.240000000000002
eqmarl,2441,25.5,2.3345235059857505,24.23
eqmarl,2442,24.4,2.289104628451919,24.220000000000002
eqmarl,2443,23.7,2.282542442102666,24.140000000000004
eqmarl,2444,25.3,1.7916472867168918,24.260000000000005
eqmarl,2445,25.3,2.193171219946131,24.460000000000004
eqmarl,2446,25.0,2.898275349237888,24.620000000000005
eqmarl,2447,24.2,2.2715633383201093,24.64
eqmarl,2448,25.6,1.685229954635272,24.790000000000006
eqmarl,2449,24.7,2.491987158875423,24.78
eqmarl,2450,24.3,1.9000000000000001,24.800000000000004
eqmarl,2451,24.4,2.8705400188814645,24.69
eqmarl,2452,24.7,3.034798181098704,24.72
eqmarl,2453,25.9,1.8681541692269406,24.94
eqmarl,2454,24.5,1.4317821063276353,24.86
eqmarl,2455,25.0,2.1908902300206643,24.83
eqmarl,2456,24.8,2.039607805437114,24.810000000000002
eqmarl,2457,24.6,2.4576411454889016,24.85
eqmarl,2458,25.3,1.4177446878757824,24.820000000000004
eqmarl,2459,24.2,2.181742422927143,24.770000000000003
eqmarl,2460,24.3,2.609597670139978,24.770000000000003
eqmarl,2461,24.8,2.85657137141714,24.810000000000006
eqmarl,2462,23.3,1.8466185312619388,24.67
eqmarl,2463,25.5,2.4186773244895647,24.630000000000006
eqmarl,2464,24.6,1.8547236990991407,24.640000000000004
eqmarl,2465,25.4,2.973213749463701,24.680000000000003
eqmarl,2466,24.3,2.0518284528683193,24.63
eqmarl,2467,22.8,1.9899748742132397,24.450000000000003
eqmarl,2468,23.9,1.5132745950421558,24.310000000000002
eqmarl,2469,24.7,1.676305461424021,24.360000000000003
eqmarl,2470,23.9,1.9209372712298547,24.320000000000004
eqmarl,2471,24.5,2.4186773244895647,24.290000000000003
eqmarl,2472,24.6,1.562049935181331,24.42
eqmarl,2473,24.7,1.5524174696260022,24.34
eqmarl,2474,25.9,2.5475478405713994,24.470000000000002
eqmarl,2475,25.1,3.0479501308256345,24.440000000000005
eqmarl,2476,24.0,2.3664319132398464,24.410000000000004
eqmarl,2477,24.1,1.374772708486752,24.540000000000003
eqmarl,2478,24.5,2.4596747752497685,24.6
eqmarl,2479,24.6,1.6248076809271923,24.590000000000003
eqmarl,2480,25.1,2.0223748416156684,24.71
eqmarl,2481,25.6,2.4979991993593593,24.820000000000007
eqmarl,2482,24.7,2.147091055358389,24.830000000000005
eqmarl,2483,26.5,2.3769728648009427,25.009999999999998
eqmarl,2484,24.4,2.5377155080899034,24.860000000000003
eqmarl,2485,25.2,2.315167380558045,24.870000000000005
eqmarl,2486,24.0,1.6733200530681511,24.870000000000005
eqmarl,2487,23.2,2.3579652245103193,24.78
eqmarl,2488,25.1,3.419064199455752,24.840000000000007
eqmarl,2489,24.4,1.4282856857085702,24.820000000000004
eqmarl,2490,24.0,2.1908902300206643,24.71
eqmarl,2491,24.9,2.4269322199023193,24.640000000000008
eqmarl,2492,24.6,2.2891046284519194,24.630000000000003
eqmarl,2493,23.5,1.284523257866513,24.330000000000005
eqmarl,2494,24.2,2.85657137141714,24.310000000000002
eqmarl,2495,24.9,3.2078029864690882,24.28
eqmarl,2496,24.6,2.5377155080899043,24.340000000000003
eqmarl,2497,25.4,1.3564659966250536,24.560000000000002
eqmarl,2498,23.6,1.4966629547095767,24.41
eqmarl,2499,25.1,2.7367864366808017,24.48
eqmarl,2500,24.6,1.854723699099141,24.540000000000003
eqmarl,2501,23.0,1.9493588689617927,24.350000000000005
eqmarl,2502,24.6,1.4282856857085702,24.350000000000005
eqmarl,2503,23.0,2.32379000772445,24.3
eqmarl,2504,24.2,2.181742422927143,24.300000000000004
eqmarl,2505,23.8,1.4,24.19
eqmarl,2506,25.0,1.4142135623730951,24.23
eqmarl,2507,24.1,3.8327535793473597,24.1
eqmarl,2508,25.2,2.181742422927143,24.26
eqmarl,2509,25.3,2.5317977802344327,24.28
eqmarl,2510,24.4,2.973213749463701,24.260000000000005
eqmarl,2511,25.4,2.8354893757515653,24.500000000000004
eqmarl,2512,25.0,2.1908902300206643,24.540000000000003
eqmarl,2513,22.8,2.4,24.520000000000003
eqmarl,2514,25.1,1.6401219466856725,24.610000000000003
eqmarl,2515,25.1,2.211334438749598,24.740000000000006
eqmarl,2516,24.9,2.3,24.730000000000004
eqmarl,2517,23.9,1.3,24.710000000000008
eqmarl,2518,22.9,2.5475478405713994,24.480000000000004
eqmarl,2519,24.7,1.4866068747318506,24.42
eqmarl,2520,25.8,2.4,24.559999999999995
eqmarl,2521,24.1,2.547547840571399,24.430000000000003
eqmarl,2522,24.4,1.6248076809271923,24.370000000000005
eqmarl,2523,24.4,1.9078784028338913,24.530000000000005
eqmarl,2524,25.0,1.3416407864998738,24.520000000000003
eqmarl,2525,26.6,1.9595917942265424,24.67
eqmarl,2526,24.7,2.5709920264364885,24.65
eqmarl,2527,25.0,2.5298221281347035,24.759999999999998
eqmarl,2528,24.5,2.6172504656604803,24.919999999999998
eqmarl,2529,23.3,1.4866068747318506,24.78
eqmarl,2530,25.3,2.5317977802344327,24.730000000000004
eqmarl,2531,24.4,1.42828568570857,24.76
eqmarl,2532,24.5,2.1095023109728985,24.770000000000003
eqmarl,2533,25.3,2.4919871588754225,24.860000000000003
eqmarl,2534,24.7,2.282542442102666,24.830000000000002
eqmarl,2535,22.9,2.6248809496813377,24.46
eqmarl,2536,24.8,1.8867962264113207,24.47
eqmarl,2537,25.6,2.1999999999999997,24.53
eqmarl,2538,25.1,2.3430749027719964,24.590000000000007
eqmarl,2539,25.3,3.287856444554719,24.790000000000003
eqmarl,2540,25.6,1.8547236990991407,24.82
eqmarl,2541,24.9,2.1656407827707715,24.870000000000005
eqmarl,2542,25.7,2.491987158875423,24.990000000000002
eqmarl,2543,24.6,1.7435595774162695,24.92
eqmarl,2544,26.2,2.521904042583698,25.070000000000004
eqmarl,2545,24.7,2.451530134426253,25.250000000000004
eqmarl,2546,24.7,2.451530134426253,25.24
eqmarl,2547,25.6,2.6532998322843198,25.240000000000002
eqmarl,2548,24.7,2.6095976701399777,25.200000000000003
eqmarl,2549,25.5,2.4186773244895647,25.220000000000002
eqmarl,2550,24.1,2.4677925358506134,25.07
eqmarl,2551,25.1,1.5132745950421558,25.090000000000003
eqmarl,2552,25.0,2.4083189157584592,25.020000000000003
eqmarl,2553,24.3,1.345362404707371,24.990000000000006
eqmarl,2554,23.6,2.1999999999999997,24.73
eqmarl,2555,25.2,2.481934729198171,24.78
eqmarl,2556,25.7,1.1874342087037917,24.880000000000003
eqmarl,2557,24.2,2.521904042583698,24.740000000000002
eqmarl,2558,24.5,3.2939338184001206,24.720000000000002
eqmarl,2559,23.9,1.5132745950421556,24.56
eqmarl,2560,24.5,1.8027756377319946,24.6
eqmarl,2561,24.9,2.662705391138869,24.58
eqmarl,2562,25.7,3.5227829907617076,24.65
eqmarl,2563,24.2,2.315167380558045,24.64
eqmarl,2564,24.7,2.0518284528683193,24.75
eqmarl,2565,24.8,1.0770329614269007,24.710000000000004
eqmarl,2566,24.7,2.8653097563788807,24.61
eqmarl,2567,23.3,2.4103941586387903,24.520000000000003
eqmarl,2568,24.4,1.8000000000000003,24.51
eqmarl,2569,25.4,1.7435595774162695,24.66
eqmarl,2570,25.1,2.773084924772409,24.720000000000006
eqmarl,2571,24.3,3.2572994949804666,24.660000000000004
eqmarl,2572,25.8,2.4,24.67
eqmarl,2573,25.3,2.0518284528683193,24.78
eqmarl,2574,24.0,2.3664319132398464,24.71
eqmarl,2575,24.6,3.0397368307141326,24.690000000000005
eqmarl,2576,25.2,2.521904042583698,24.74
eqmarl,2577,24.2,2.8213471959331766,24.83
eqmarl,2578,23.4,1.2806248474865698,24.73
eqmarl,2579,24.3,2.2825424421026654,24.62
eqmarl,2580,25.6,2.7640549922170505,24.67
eqmarl,2581,24.8,1.469693845669907,24.720000000000002
eqmarl,2582,24.2,3.682390527904394,24.560000000000002
eqmarl,2583,24.6,2.009975124224178,24.490000000000002
eqmarl,2584,24.5,2.0124611797498106,24.540000000000003
eqmarl,2585,25.6,1.4966629547095767,24.64
eqmarl,2586,24.8,1.5362291495737215,24.599999999999998
eqmarl,2587,24.4,1.4282856857085702,24.620000000000005
eqmarl,2588,25.8,1.98997487421324,24.86
eqmarl,2589,24.8,2.6381811916545836,24.910000000000007
eqmarl,2590,25.2,2.0396078054371136,24.870000000000005
eqmarl,2591,24.5,1.284523257866513,24.84
eqmarl,2592,25.0,2.32379000772445,24.92
eqmarl,2593,24.0,2.756809750418044,24.86
eqmarl,2594,25.0,2.4899799195977463,24.910000000000004
eqmarl,2595,25.8,1.9899748742132397,24.93
eqmarl,2596,25.3,1.8466185312619388,24.979999999999997
eqmarl,2597,25.7,2.758622844826744,25.11
eqmarl,2598,24.5,1.6278820596099706,24.98
eqmarl,2599,25.7,2.1470910553583886,25.07
eqmarl,2600,25.5,1.5652475842498528,25.1
eqmarl,2601,26.4,1.7435595774162695,25.290000000000003
eqmarl,2602,25.7,1.4866068747318506,25.360000000000003
eqmarl,2603,25.4,2.4576411454889016,25.5
eqmarl,2604,23.7,1.7349351572897471,25.37
eqmarl,2605,24.7,1.676305461424021,25.26
eqmarl,2606,25.2,1.3266499161421599,25.25
eqmarl,2607,25.9,1.8681541692269403,25.27
eqmarl,2608,24.9,1.8138357147217052,25.310000000000002
eqmarl,2609,24.3,2.6095976701399777,25.17
eqmarl,2610,24.2,1.6613247725836149,25.040000000000006
eqmarl,2611,25.1,1.374772708486752,24.91
eqmarl,2612,23.9,1.2206555615733703,24.73
eqmarl,2613,23.5,2.7294688127912363,24.540000000000003
eqmarl,2614,24.2,2.3579652245103193,24.590000000000003
eqmarl,2615,24.5,1.5652475842498528,24.569999999999997
eqmarl,2616,24.1,1.7578395831246947,24.46
eqmarl,2617,23.9,2.118962010041709,24.259999999999998
eqmarl,2618,25.4,1.8547236990991407,24.31
eqmarl,2619,25.2,2.7129319932501073,24.4
eqmarl,2620,25.5,1.91049731745428,24.53
eqmarl,2621,25.6,2.244994432064365,24.58
eqmarl,2622,25.2,3.026549190084311,24.709999999999997
eqmarl,2623,23.7,2.4103941586387903,24.730000000000004
eqmarl,2624,24.0,2.04939015319192,24.71
eqmarl,2625,25.0,2.8635642126552705,24.760000000000005
eqmarl,2626,23.8,2.181742422927143,24.73
eqmarl,2627,25.1,2.3430749027719964,24.85
eqmarl,2628,23.9,1.3,24.700000000000003
eqmarl,2629,23.2,2.2715633383201093,24.500000000000004
eqmarl,2630,25.4,2.244994432064365,24.490000000000002
eqmarl,2631,25.0,2.04939015319192,24.43
eqmarl,2632,24.7,2.968164415931166,24.38
eqmarl,2633,24.8,2.2715633383201093,24.490000000000002
eqmarl,2634,24.2,2.5612496949731396,24.509999999999998
eqmarl,2635,24.2,3.059411708155671,24.43
eqmarl,2636,26.2,2.8213471959331766,24.670000000000005
eqmarl,2637,23.7,2.5317977802344322,24.53
eqmarl,2638,25.0,2.6076809620810595,24.64
eqmarl,2639,25.7,2.4919871588754225,24.89
eqmarl,2640,25.2,2.3579652245103193,24.87
eqmarl,2641,23.4,2.416609194718914,24.71
eqmarl,2642,25.5,2.9068883707497264,24.790000000000003
eqmarl,2643,24.8,2.891366458960192,24.790000000000003
eqmarl,2644,24.3,2.5317977802344327,24.8
eqmarl,2645,26.7,2.193171219946131,25.049999999999997
eqmarl,2646,24.3,2.7946377224964243,24.86
eqmarl,2647,23.9,2.6248809496813377,24.880000000000003
eqmarl,2648,25.6,2.0591260281974,24.940000000000005
eqmarl,2649,25.7,2.325940669922602,24.940000000000005
eqmarl,2650,23.7,2.3259406699226015,24.790000000000003
eqmarl,2651,24.2,2.9597297173897488,24.870000000000005
eqmarl,2652,25.4,2.2449944320643644,24.86
eqmarl,2653,25.7,3.2572994949804666,24.950000000000003
eqmarl,2654,25.8,2.315167380558045,25.1
eqmarl,2655,25.2,2.181742422927143,24.95
eqmarl,2656,24.0,2.04939015319192,24.92
eqmarl,2657,25.3,2.238302928559939,25.060000000000002
eqmarl,2658,25.6,2.6153393661244038,25.060000000000002
eqmarl,2659,24.6,2.6532998322843198,24.950000000000003
eqmarl,2660,25.8,1.6613247725836149,25.159999999999997
eqmarl,2661,23.4,1.9078784028338913,25.080000000000002
eqmarl,2662,25.8,2.3579652245103193,25.120000000000005
eqmarl,2663,24.0,1.9493588689617927,24.950000000000003
eqmarl,2664,24.5,1.6278820596099706,24.819999999999997
eqmarl,2665,25.6,1.3564659966250536,24.86
eqmarl,2666,24.1,2.6999999999999997,24.87
eqmarl,2667,25.5,2.6551836094703507,24.89
eqmarl,2668,25.4,2.2449944320643644,24.870000000000005
eqmarl,2669,25.7,2.193171219946131,24.98
eqmarl,2670,24.5,1.857417562100671,24.849999999999998
eqmarl,2671,24.9,2.3853720883753122,25.0
eqmarl,2672,25.9,2.1656407827707715,25.01
eqmarl,2673,23.5,4.674398357008098,24.960000000000004
eqmarl,2674,24.4,1.3564659966250538,24.950000000000003
eqmarl,2675,23.6,1.9078784028338913,24.750000000000004
eqmarl,2676,25.1,2.211334438749598,24.85
eqmarl,2677,25.0,2.3664319132398464,24.8
eqmarl,2678,24.9,2.2561028345356955,24.75
eqmarl,2679,25.8,2.6,24.759999999999998
eqmarl,2680,25.7,2.282542442102666,24.880000000000003
eqmarl,2681,24.7,2.491987158875423,24.86
eqmarl,2682,24.7,2.5709920264364885,24.74
eqmarl,2683,24.1,2.5475478405713994,24.8
eqmarl,2684,25.2,2.181742422927143,24.88
eqmarl,2685,25.6,2.6532998322843198,25.08
eqmarl,2686,25.7,2.72213151776324,25.14
eqmarl,2687,25.8,2.6,25.22
eqmarl,2688,22.8,5.055689863905815,25.010000000000005
eqmarl,2689,25.6,2.2449944320643644,24.990000000000002
eqmarl,2690,22.9,1.8681541692269403,24.71
eqmarl,2691,25.7,2.193171219946131,24.810000000000002
eqmarl,2692,26.1,2.0223748416156684,24.950000000000003
eqmarl,2693,24.3,2.1,24.970000000000002
eqmarl,2694,24.1,2.7,24.860000000000003
eqmarl,2695,24.1,2.5865034312755126,24.71
eqmarl,2696,25.2,1.4696938456699067,24.66
eqmarl,2697,24.8,2.4,24.560000000000002
eqmarl,2698,24.7,1.4866068747318506,24.75
eqmarl,2699,24.1,2.9478805945967346,24.6
eqmarl,2700,24.6,2.3323807579381204,24.77
eqmarl,2701,23.5,1.5652475842498528,24.550000000000004
eqmarl,2702,23.1,2.844292530665578,24.250000000000004
eqmarl,2703,24.4,1.8547236990991407,24.26
eqmarl,2704,23.6,1.854723699099141,24.21
eqmarl,2705,24.1,2.5475478405713994,24.21
eqmarl,2706,25.8,2.749545416973504,24.270000000000003
eqmarl,2707,24.7,2.0518284528683193,24.259999999999998
eqmarl,2708,23.9,2.3853720883753127,24.18
eqmarl,2709,25.0,1.4832396974191326,24.270000000000003
eqmarl,2710,24.5,2.1563858652847827,24.26
eqmarl,2711,25.4,1.562049935181331,24.45
eqmarl,2712,25.0,2.23606797749979,24.64
eqmarl,2713,25.1,2.3,24.71
eqmarl,2714,24.4,2.727636339397171,24.790000000000003
eqmarl,2715,25.6,2.9393876913398134,24.940000000000005
eqmarl,2716,22.8,2.3151673805580453,24.640000000000008
eqmarl,2717,23.4,1.854723699099141,24.51
eqmarl,2718,25.6,1.8547236990991407,24.68
eqmarl,2719,24.9,2.7730849247724096,24.67
eqmarl,2720,24.6,2.2891046284519194,24.680000000000007
eqmarl,2721,24.3,2.685144316419511,24.57
eqmarl,2722,25.4,2.2891046284519194,24.61
eqmarl,2723,23.3,2.6095976701399777,24.43
eqmarl,2724,26.2,2.2715633383201093,24.610000000000003
eqmarl,2725,25.0,3.0659419433511785,24.55
eqmarl,2726,24.7,2.4103941586387903,24.74
eqmarl,2727,23.6,2.009975124224178,24.759999999999998
eqmarl,2728,24.0,1.1832159566199232,24.6
eqmarl,2729,25.9,2.5079872407968904,24.7
eqmarl,2730,25.9,2.467792535850613,24.830000000000005
eqmarl,2731,24.7,1.6155494421403511,24.869999999999997
eqmarl,2732,24.9,2.4269322199023193,24.82
eqmarl,2733,24.6,1.2,24.950000000000003
eqmarl,2734,26.1,2.7,24.939999999999998
eqmarl,2735,24.9,1.5132745950421556,24.93
eqmarl,2736,25.3,2.6095976701399777,24.990000000000002
eqmarl,2737,23.3,1.5524174696260022,24.96
eqmarl,2738,24.6,1.4966629547095767,25.020000000000003
eqmarl,2739,24.9,2.624880949681338,24.92
eqmarl,2740,24.9,3.014962686336267,24.820000000000007
eqmarl,2741,24.0,1.6733200530681511,24.75
eqmarl,2742,23.5,1.5652475842498528,24.61
eqmarl,2743,24.1,1.9209372712298547,24.560000000000006
eqmarl,2744,23.6,2.4166091947189146,24.310000000000002
eqmarl,2745,24.9,1.9209372712298547,24.310000000000002
eqmarl,2746,24.9,2.5079872407968904,24.270000000000003
eqmarl,2747,25.1,2.1656407827707715,24.450000000000006
eqmarl,2748,25.1,1.2206555615733703,24.500000000000007
eqmarl,2749,24.6,1.7435595774162693,24.470000000000006
eqmarl,2750,25.7,2.7221315177632404,24.550000000000004
eqmarl,2751,25.3,1.9000000000000001,24.680000000000003
eqmarl,2752,25.8,1.9390719429665317,24.910000000000004
eqmarl,2753,24.2,2.2715633383201093,24.92
eqmarl,2754,24.7,2.451530134426253,25.03
eqmarl,2755,24.9,1.445683229480096,25.03
eqmarl,2756,24.6,2.8705400188814645,25.0
eqmarl,2757,24.5,3.2939338184001206,24.94
eqmarl,2758,23.3,2.3685438564654024,24.760000000000005
eqmarl,2759,24.9,2.071231517720798,24.790000000000006
eqmarl,2760,25.7,2.9,24.790000000000006
eqmarl,2761,25.0,2.4083189157584592,24.760000000000005
eqmarl,2762,26.5,2.4596747752497685,24.830000000000005
eqmarl,2763,23.9,2.1656407827707715,24.800000000000004
eqmarl,2764,25.3,1.7349351572897471,24.86
eqmarl,2765,23.3,2.0024984394500787,24.700000000000003
eqmarl,2766,24.9,1.8138357147217055,24.730000000000004
eqmarl,2767,25.3,1.345362404707371,24.810000000000002
eqmarl,2768,24.5,3.0740852297878796,24.930000000000003
eqmarl,2769,26.3,2.0518284528683193,25.07
eqmarl,2770,24.3,1.4866068747318506,24.93
eqmarl,2771,25.1,1.57797338380595,24.94
eqmarl,2772,26.3,2.8301943396169813,24.919999999999998
eqmarl,2773,25.7,1.9000000000000001,25.100000000000005
eqmarl,2774,24.1,2.2561028345356955,24.98
eqmarl,2775,24.5,1.6881943016134133,25.1
eqmarl,2776,24.9,1.7000000000000004,25.1
eqmarl,2777,25.8,2.08806130178211,25.15
eqmarl,2778,24.1,2.5865034312755126,25.110000000000003
eqmarl,2779,24.9,1.9209372712298547,24.97
eqmarl,2780,24.3,1.4177446878757824,24.97
eqmarl,2781,24.2,1.5999999999999999,24.880000000000003
eqmarl,2782,24.7,2.147091055358389,24.72
eqmarl,2783,26.4,2.835489375751565,24.79
eqmarl,2784,24.3,2.4103941586387903,24.81
eqmarl,2785,24.1,2.7,24.77
eqmarl,2786,24.7,3.034798181098704,24.75
eqmarl,2787,26.0,3.0,24.770000000000003
eqmarl,2788,25.8,2.521904042583698,24.939999999999998
eqmarl,2789,26.7,2.968164415931166,25.120000000000005
eqmarl,2790,25.4,1.6248076809271923,25.230000000000004
eqmarl,2791,24.0,1.7888543819998317,25.21
eqmarl,2792,25.1,1.5779733838059502,25.250000000000004
eqmarl,2793,24.4,3.2310988842807022,25.050000000000004
eqmarl,2794,25.1,1.9209372712298547,25.130000000000006
eqmarl,2795,24.1,2.467792535850613,25.130000000000003
eqmarl,2796,24.5,3.3241540277189325,25.110000000000003
eqmarl,2797,23.5,2.29128784747792,24.860000000000003
eqmarl,2798,24.1,2.118962010041709,24.69
eqmarl,2799,24.1,1.57797338380595,24.430000000000003
eqmarl,2800,24.8,2.2715633383201093,24.37
eqmarl,2801,26.3,4.001249804748512,24.599999999999998
eqmarl,2802,23.9,2.879236009777594,24.48
eqmarl,2803,25.2,2.2271057451320084,24.560000000000002
eqmarl,2804,25.8,2.4413111231467406,24.630000000000003
eqmarl,2805,24.8,1.9390719429665315,24.7
eqmarl,2806,24.3,2.4919871588754225,24.680000000000003
eqmarl,2807,24.4,2.6153393661244038,24.770000000000003
eqmarl,2808,24.2,3.4292856398964493,24.78
eqmarl,2809,23.8,1.9390719429665315,24.750000000000004
eqmarl,2810,24.2,2.3579652245103193,24.689999999999998
eqmarl,2811,25.7,2.72213151776324,24.629999999999995
eqmarl,2812,25.7,2.238302928559939,24.810000000000002
eqmarl,2813,25.5,1.746424919657298,24.84
eqmarl,2814,24.6,2.3323807579381204,24.720000000000002
eqmarl,2815,24.4,2.4979991993593593,24.680000000000003
eqmarl,2816,24.8,1.9390719429665315,24.730000000000004
eqmarl,2817,25.8,2.481934729198171,24.870000000000005
eqmarl,2818,25.3,1.6155494421403511,24.980000000000004
eqmarl,2819,26.2,1.5362291495737217,25.220000000000002
eqmarl,2820,24.6,2.6532998322843198,25.260000000000005
eqmarl,2821,24.9,3.080584360149873,25.180000000000007
eqmarl,2822,25.2,3.1874754901018454,25.130000000000006
eqmarl,2823,25.7,2.9,25.150000000000002
eqmarl,2824,25.8,2.856571371417141,25.270000000000003
eqmarl,2825,23.6,1.8547236990991407,25.190000000000005
eqmarl,2826,25.6,2.2,25.270000000000003
eqmarl,2827,25.0,1.8439088914585775,25.190000000000005
eqmarl,2828,25.0,2.3664319132398464,25.160000000000004
eqmarl,2829,25.4,2.3748684174075834,25.08
eqmarl,2830,26.1,2.3000000000000003,25.229999999999997
eqmarl,2831,24.8,1.6613247725836149,25.220000000000002
eqmarl,2832,24.6,2.0099751242241783,25.16
eqmarl,2833,25.6,2.5768197453450252,25.15
eqmarl,2834,24.3,2.491987158875423,25.0
eqmarl,2835,26.0,2.8284271247461903,25.240000000000002
eqmarl,2836,23.7,3.2264531609803355,25.050000000000004
eqmarl,2837,24.8,2.4413111231467406,25.030000000000005
eqmarl,2838,24.9,2.118962010041709,25.020000000000003
eqmarl,2839,23.9,2.913760456866693,24.870000000000005
eqmarl,2840,25.1,2.7,24.770000000000007
eqmarl,2841,24.5,2.80178514522438,24.740000000000002
eqmarl,2842,25.9,2.5079872407968904,24.87
eqmarl,2843,25.8,1.7204650534085253,24.89
eqmarl,2844,24.6,2.0591260281974,24.92
eqmarl,2845,24.2,3.218695387886217,24.740000000000002
eqmarl,2846,25.3,3.3778691508109073,24.900000000000006
eqmarl,2847,24.8,2.993325909419153,24.900000000000002
eqmarl,2848,24.8,2.6381811916545836,24.890000000000004
eqmarl,2849,24.6,2.8705400188814645,24.960000000000004
eqmarl,2850,24.8,2.521904042583698,24.930000000000003
eqmarl,2851,25.4,2.416609194718914,25.020000000000003
eqmarl,2852,25.0,1.7888543819998317,24.930000000000003
eqmarl,2853,25.3,2.193171219946131,24.880000000000003
eqmarl,2854,23.2,2.785677655436824,24.740000000000002
eqmarl,2855,25.0,2.756809750418044,24.820000000000004
eqmarl,2856,25.2,1.7776388834631176,24.810000000000002
eqmarl,2857,24.8,3.1240998703626617,24.810000000000002
eqmarl,2858,23.8,1.3266499161421599,24.71
eqmarl,2859,24.0,2.9664793948382653,24.65
eqmarl,2860,26.0,2.04939015319192,24.770000000000003
eqmarl,2861,24.1,1.8681541692269408,24.640000000000004
eqmarl,2862,24.4,2.1999999999999997,24.580000000000005
eqmarl,2863,24.5,2.202271554554524,24.500000000000004
eqmarl,2864,25.0,1.4832396974191326,24.68
eqmarl,2865,25.1,2.118962010041709,24.69
eqmarl,2866,25.5,2.1095023109728985,24.720000000000002
eqmarl,2867,24.6,1.3564659966250538,24.700000000000003
eqmarl,2868,23.5,3.3241540277189325,24.670000000000005
eqmarl,2869,25.0,2.792848008753788,24.77
eqmarl,2870,24.1,2.211334438749598,24.580000000000002
eqmarl,2871,23.5,2.9068883707497264,24.520000000000003
eqmarl,2872,25.8,2.3579652245103193,24.660000000000004
eqmarl,2873,23.5,2.3345235059857505,24.560000000000002
eqmarl,2874,25.0,2.4899799195977463,24.560000000000002
eqmarl,2875,25.5,1.746424919657298,24.600000000000005
eqmarl,2876,24.7,3.4942810419312296,24.52
eqmarl,2877,26.2,2.181742422927143,24.68
eqmarl,2878,25.1,2.844292530665579,24.84
eqmarl,2879,25.7,3.195309061734091,24.910000000000004
eqmarl,2880,24.7,2.9,24.970000000000002
eqmarl,2881,25.0,1.4142135623730951,25.12
eqmarl,2882,23.9,2.2561028345356955,24.93
eqmarl,2883,25.6,2.690724809414742,25.14
eqmarl,2884,24.8,2.1354156504062622,25.12
eqmarl,2885,26.2,2.481934729198171,25.190000000000005
eqmarl,2886,24.7,2.4103941586387903,25.190000000000005
eqmarl,2887,25.4,2.615339366124404,25.110000000000003
eqmarl,2888,24.9,1.9209372712298547,25.090000000000003
eqmarl,2889,24.2,2.6,24.940000000000005
eqmarl,2890,25.8,2.4413111231467406,25.050000000000004
eqmarl,2891,24.9,2.3,25.040000000000006
eqmarl,2892,24.2,2.6758176320519307,25.070000000000007
eqmarl,2893,24.7,2.5709920264364876,24.980000000000004
eqmarl,2894,24.4,2.416609194718914,24.94
eqmarl,2895,24.2,1.98997487421324,24.740000000000002
eqmarl,2896,25.4,1.9078784028338915,24.810000000000002
eqmarl,2897,25.1,2.5865034312755126,24.780000000000005
eqmarl,2898,25.8,2.0396078054371136,24.870000000000005
eqmarl,2899,25.2,2.3579652245103193,24.970000000000002
eqmarl,2900,25.7,1.676305461424021,24.960000000000004
eqmarl,2901,24.1,2.0223748416156684,24.88
eqmarl,2902,24.5,3.3241540277189325,24.91
eqmarl,2903,26.1,2.2561028345356955,25.049999999999997
eqmarl,2904,25.7,3.606937759374287,25.18
eqmarl,2905,24.3,2.147091055358389,25.19
eqmarl,2906,25.5,2.7294688127912363,25.2
eqmarl,2907,24.7,1.8466185312619388,25.16
eqmarl,2908,25.9,2.913760456866693,25.169999999999998
eqmarl,2909,23.6,2.6153393661244038,25.009999999999998
eqmarl,2910,24.5,2.4186773244895647,24.89
eqmarl,2911,24.1,1.3,24.89
eqmarl,2912,23.2,2.181742422927143,24.76
eqmarl,2913,23.9,2.879236009777594,24.540000000000003
eqmarl,2914,24.7,2.7946377224964243,24.44
eqmarl,2915,24.9,0.8306623862918073,24.5
eqmarl,2916,24.2,1.9899748742132397,24.370000000000005
eqmarl,2917,25.9,2.3,24.490000000000006
eqmarl,2918,23.7,2.0024984394500787,24.270000000000003
eqmarl,2919,23.7,1.345362404707371,24.280000000000005
eqmarl,2920,24.8,2.0396078054371136,24.310000000000006
eqmarl,2921,25.0,2.1447610589527217,24.400000000000002
eqmarl,2922,25.4,1.8000000000000003,24.62
eqmarl,2923,25.1,1.8681541692269403,24.740000000000002
eqmarl,2924,24.9,1.4456832294800963,24.760000000000005
eqmarl,2925,24.0,2.0,24.67
eqmarl,2926,25.0,3.03315017762062,24.75
eqmarl,2927,24.6,2.6153393661244038,24.620000000000005
eqmarl,2928,23.9,2.507987240796891,24.64
eqmarl,2929,24.7,2.282542442102666,24.740000000000002
eqmarl,2930,24.5,2.9748949561287032,24.71
eqmarl,2931,26.1,2.3430749027719964,24.82
eqmarl,2932,23.5,2.29128784747792,24.630000000000003
eqmarl,2933,26.2,1.9390719429665315,24.740000000000006
eqmarl,2934,25.0,2.23606797749979,24.750000000000004
eqmarl,2935,26.5,2.8722813232690143,25.000000000000007
eqmarl,2936,25.9,3.0149626863362675,25.09
eqmarl,2937,24.9,2.071231517720798,25.119999999999997
eqmarl,2938,24.4,1.42828568570857,25.169999999999998
eqmarl,2939,26.5,1.8027756377319946,25.35000000000001
eqmarl,2940,25.0,1.8973665961010275,25.400000000000006
eqmarl,2941,26.3,1.7349351572897471,25.419999999999998
eqmarl,2942,26.0,3.286335345030997,25.669999999999998
eqmarl,2943,23.9,1.7578395831246947,25.44
eqmarl,2944,25.4,2.1999999999999997,25.48
eqmarl,2945,24.6,2.6532998322843198,25.290000000000003
eqmarl,2946,24.0,1.8439088914585775,25.1
eqmarl,2947,24.9,2.5475478405713994,25.1
eqmarl,2948,24.3,1.9000000000000001,25.090000000000003
eqmarl,2949,23.9,2.211334438749598,24.830000000000005
eqmarl,2950,24.3,3.1953090617340916,24.76
eqmarl,2951,23.8,1.4000000000000001,24.51
eqmarl,2952,25.6,1.562049935181331,24.47
eqmarl,2953,25.7,2.794637722496424,24.65
eqmarl,2954,24.7,2.865309756378881,24.58
eqmarl,2955,24.8,2.3151673805580453,24.6
eqmarl,2956,24.2,1.9899748742132397,24.619999999999997
eqmarl,2957,23.7,3.661966684720111,24.500000000000004
eqmarl,2958,25.0,2.4899799195977463,24.570000000000004
eqmarl,2959,25.6,2.835489375751565,24.740000000000002
eqmarl,2960,26.1,2.5865034312755126,24.92
eqmarl,2961,25.2,1.8330302779823362,25.06
eqmarl,2962,25.4,3.411744421846396,25.040000000000003
eqmarl,2963,25.0,1.61245154965971,24.970000000000002
eqmarl,2964,24.2,3.026549190084311,24.92
eqmarl,2965,24.8,1.7776388834631176,24.919999999999998
eqmarl,2966,24.9,1.7000000000000004,24.990000000000002
eqmarl,2967,25.0,2.04939015319192,25.119999999999997
eqmarl,2968,24.0,2.7202941017470885,25.020000000000003
eqmarl,2969,25.2,2.1354156504062622,24.98
eqmarl,2970,24.4,2.0591260281974,24.810000000000002
eqmarl,2971,25.2,2.4819347291981715,24.810000000000002
eqmarl,2972,25.0,2.1447610589527217,24.770000000000003
eqmarl,2973,25.1,3.2078029864690882,24.78
eqmarl,2974,25.3,2.0518284528683193,24.890000000000004
eqmarl,2975,25.2,2.4,24.93
eqmarl,2976,24.8,3.124099870362662,24.92
eqmarl,2977,24.5,0.806225774829855,24.869999999999997
eqmarl,2978,25.9,2.4269322199023193,25.06
eqmarl,2979,24.3,2.451530134426253,24.97
eqmarl,2980,23.9,1.7,24.919999999999998
eqmarl,2981,24.2,1.5999999999999999,24.82
eqmarl,2982,25.7,2.193171219946131,24.89
eqmarl,2983,24.5,1.6881943016134133,24.830000000000002
eqmarl,2984,25.5,2.5,24.85
eqmarl,2985,24.5,2.6172504656604803,24.78
eqmarl,2986,24.2,1.7776388834631176,24.72
eqmarl,2987,25.6,2.727636339397171,24.830000000000005
eqmarl,2988,24.8,1.6613247725836147,24.720000000000002
eqmarl,2989,24.4,1.4966629547095767,24.730000000000004
eqmarl,2990,24.2,1.7776388834631176,24.760000000000005
eqmarl,2991,26.5,1.4317821063276353,24.990000000000002
eqmarl,2992,24.4,1.9595917942265424,24.860000000000003
eqmarl,2993,26.1,2.211334438749598,25.02
eqmarl,2994,25.0,3.22490309931942,24.970000000000002
eqmarl,2995,24.5,2.5,24.97
eqmarl,2996,23.8,2.2715633383201093,24.93
eqmarl,2997,24.1,2.0223748416156684,24.779999999999998
eqmarl,2998,24.9,2.4269322199023193,24.79
eqmarl,2999,24.9,2.3,24.840000000000003
sctde,0,0.4,1.8,
sctde,1,0.4,2.6153393661244047,
sctde,2,-0.4,2.5768197453450252,
sctde,3,-1.3,3.2264531609803355,
sctde,4,0.6,2.65329983228432,
sctde,5,1.4,2.1071307505705477,
sctde,6,0.4,2.009975124224178,
sctde,7,1.1,2.0223748416156684,
sctde,8,-0.6,1.8547236990991407,
sctde,9,-0.9,2.3430749027719964,0.11
sctde,10,0.1,2.662705391138869,0.07999999999999999
sctde,11,-0.6,3.1368774282716245,-0.02000000000000001
sctde,12,0.3,2.1,0.04999999999999999
sctde,13,0.2,2.039607805437114,0.19999999999999996
sctde,14,1.3,1.4177446878757827,0.27
sctde,15,-1.2,1.8330302779823362,0.010000000000000037
sctde,16,-0.1,2.6627053911388696,-0.03999999999999999
sctde,17,-1.1,1.8681541692269406,-0.26
sctde,18,-0.8,2.4413111231467406,-0.28
sctde,19,0.3,2.3259406699226015,-0.16000000000000003
sctde,20,-0.4,2.4166091947189146,-0.21000000000000002
sctde,21,1.0,2.04939015319192,-0.050000000000000044
sctde,22,0.0,2.1447610589527217,-0.08000000000000002
sctde,23,0.3,1.676305461424021,-0.07000000000000003
sctde,24,0.1,2.467792535850613,-0.19000000000000006
sctde,25,1.5,1.6881943016134133,0.07999999999999999
sctde,26,-0.7,2.4103941586387903,0.020000000000000004
sctde,27,-0.4,2.2449944320643644,0.09
sctde,28,-0.5,3.263433774416144,0.12000000000000001
sctde,29,-0.5,2.0124611797498106,0.03999999999999998
sctde,30,1.2,1.469693845669907,0.2
sctde,31,-1.2,1.7776388834631176,-0.019999999999999976
sctde,32,0.1,2.118962010041709,-0.009999999999999974
sctde,33,-0.3,1.7349351572897473,-0.06999999999999998
sctde,34,-0.1,2.3,-0.09
sctde,35,0.4,2.4166091947189146,-0.2
sctde,36,-0.5,2.3769728648009427,-0.18
sctde,37,0.4,2.4979991993593593,-0.1
sctde,38,0.6,1.9078784028338913,0.009999999999999995
sctde,39,0.7,2.3685438564654024,0.13
sctde,40,-0.9,2.0223748416156684,-0.07999999999999999
sctde,41,-1.3,2.8301943396169813,-0.09000000000000001
sctde,42,0.8,1.6,-0.020000000000000004
sctde,43,0.9,2.071231517720798,0.10000000000000003
sctde,44,-0.1,2.0712315177207983,0.1
sctde,45,0.9,2.118962010041709,0.15000000000000002
sctde,46,-0.4,1.6852299546352716,0.16
sctde,47,1.4,2.6153393661244038,0.26
sctde,48,0.5,2.0124611797498106,0.25
sctde,49,1.1,2.7367864366808017,0.29000000000000004
sctde,50,-1.1,1.57797338380595,0.27
sctde,51,0.3,2.3685438564654024,0.43000000000000005
sctde,52,0.7,1.345362404707371,0.4200000000000001
sctde,53,-0.5,2.5,0.27999999999999997
sctde,54,1.6,1.42828568570857,0.45
sctde,55,-0.5,3.263433774416144,0.31000000000000005
sctde,56,-0.7,1.7916472867168916,0.2800000000000001
sctde,57,-1.3,1.0999999999999999,0.010000000000000064
sctde,58,0.2,2.1354156504062622,-0.019999999999999962
sctde,59,-0.5,2.5787593916455256,-0.18
sctde,60,1.3,2.4103941586387903,0.06000000000000004
sctde,61,0.3,1.9519221295943134,0.06000000000000001
sctde,62,0.1,1.6401219466856727,4.85722573273506e-17
sctde,63,0.3,1.345362404707371,0.08000000000000004
sctde,64,-0.8,2.08806130178211,-0.15999999999999998
sctde,65,0.2,2.7129319932501077,-0.08999999999999998
sctde,66,1.0,1.4832396974191326,0.07999999999999999
sctde,67,0.3,1.676305461424021,0.24000000000000002
sctde,68,1.3,2.0518284528683193,0.35
sctde,69,-0.2,3.249615361854384,0.38
sctde,70,2.0,2.6832815729997477,0.45
sctde,71,0.4,1.7435595774162693,0.45999999999999996
sctde,72,0.8,1.6613247725836147,0.53
sctde,73,0.6,1.9078784028338913,0.56
sctde,74,0.3,2.9681644159311658,0.6700000000000002
sctde,75,-0.7,1.9519221295943134,0.5800000000000002
sctde,76,0.3,0.9000000000000001,0.51
sctde,77,-0.3,1.9000000000000001,0.44999999999999996
sctde,78,1.2,2.3151673805580453,0.43999999999999995
sctde,79,-0.2,2.4,0.43999999999999995
sctde,80,-0.4,2.1071307505705477,0.19999999999999998
sctde,81,0.9,2.165640782770772,0.25
sctde,82,-0.1,2.2561028345356955,0.16
sctde,83,-1.4,1.2806248474865698,-0.03999999999999998
sctde,84,1.4,2.3748684174075834,0.07
sctde,85,2.3,1.1874342087037917,0.37
sctde,86,1.2,1.9390719429665317,0.45999999999999996
sctde,87,-1.4,2.4979991993593593,0.35
sctde,88,0.9,1.7578395831246947,0.32
sctde,89,-1.3,2.1,0.21000000000000002
sctde,90,1.0,1.8439088914585775,0.3500000000000001
sctde,91,0.7,3.0347981810987035,0.33
sctde,92,-0.2,2.6758176320519302,0.32
sctde,93,0.4,1.42828568570857,0.5
sctde,94,-0.2,1.9390719429665317,0.33999999999999997
sctde,95,0.5,2.202271554554524,0.16
sctde,96,0.1,1.8138357147217055,0.05000000000000001
sctde,97,-1.0,2.23606797749979,0.09
sctde,98,0.7,2.4515301344262523,0.06999999999999999
sctde,99,0.6,2.4979991993593593,0.25999999999999995
sctde,100,0.6,2.537715508089904,0.21999999999999997
sctde,101,0.6,2.2449944320643644,0.21
sctde,102,0.3,2.0518284528683193,0.26
sctde,103,-0.2,2.638181191654584,0.19999999999999996
sctde,104,1.2,2.227105745132009,0.33999999999999997
sctde,105,0.4,1.2806248474865698,0.32999999999999996
sctde,106,-0.1,2.8442925306655784,0.30999999999999994
sctde,107,0.3,2.4103941586387903,0.44000000000000006
sctde,108,1.5,2.7294688127912363,0.52
sctde,109,1.7,3.0675723300355937,0.6300000000000001
sctde,110,-0.5,1.857417562100671,0.52
sctde,111,0.3,2.1470910553583886,0.49
sctde,112,-0.4,1.1135528725660044,0.42000000000000004
sctde,113,-0.6,1.8,0.37999999999999995
sctde,114,0.0,2.449489742783178,0.25999999999999995
sctde,115,0.7,2.3685438564654024,0.29000000000000004
sctde,116,1.9,2.662705391138869,0.49000000000000005
sctde,117,-0.8,2.08806130178211,0.38
sctde,118,-0.3,1.9519221295943134,0.19999999999999998
sctde,119,0.7,2.3685438564654024,0.09999999999999996
sctde,120,-0.1,3.269556544854363,0.13999999999999996
sctde,121,0.6,1.9595917942265424,0.16999999999999996
sctde,122,-1.8,2.08806130178211,0.029999999999999943
sctde,123,1.2,2.5612496949731396,0.20999999999999994
sctde,124,2.2,2.039607805437114,0.42999999999999994
sctde,125,1.2,1.2489995996796797,0.48
sctde,126,1.4,2.1071307505705477,0.42999999999999994
sctde,127,1.5,2.6172504656604803,0.66
sctde,128,0.5,2.5787593916455256,0.7400000000000001
sctde,129,0.3,1.7349351572897473,0.7000000000000001
sctde,130,0.3,2.4515301344262523,0.7400000000000001
sctde,131,1.1,1.8681541692269403,0.7900000000000001
sctde,132,1.5,2.9410882339705484,1.12
sctde,133,0.4,1.8,1.04
sctde,134,0.6,3.1048349392520045,0.8800000000000001
sctde,135,1.4,1.8547236990991407,0.9
sctde,136,0.1,2.808914381037628,0.7700000000000001
sctde,137,-0.5,2.247220505424423,0.57
sctde,138,0.9,2.1656407827707715,0.61
sctde,139,-0.8,1.7204650534085253,0.5
sctde,140,-0.1,2.3430749027719964,0.46
sctde,141,1.5,1.9621416870348585,0.5
sctde,142,0.1,2.071231517720798,0.36000000000000004
sctde,143,0.3,3.257299494980466,0.35
sctde,144,-0.6,1.8547236990991407,0.23000000000000004
sctde,145,-0.2,1.661324772583615,0.07000000000000002
sctde,146,0.8,1.4000000000000001,0.14
sctde,147,1.9,1.7,0.38000000000000006
sctde,148,1.1,2.507987240796891,0.4
sctde,149,0.3,2.051828452868319,0.5100000000000001
sctde,150,-0.5,1.857417562100671,0.47000000000000014
sctde,151,1.2,1.8330302779823362,0.44
sctde,152,0.7,1.5524174696260022,0.5000000000000001
sctde,153,0.9,1.7,0.56
sctde,154,0.2,2.638181191654584,0.64
sctde,155,-0.9,2.981610303175114,0.5700000000000001
sctde,156,2.4,2.4979991993593593,0.73
sctde,157,0.6,2.4979991993593593,0.6000000000000001
sctde,158,0.7,1.9519221295943134,0.5599999999999999
sctde,159,0.7,1.676305461424021,0.5999999999999999
sctde,160,1.0,2.1908902300206643,0.7499999999999999
sctde,161,0.9,1.9209372712298547,0.7199999999999999
sctde,162,1.1,2.3430749027719964,0.76
sctde,163,0.6,1.6852299546352718,0.73
sctde,164,1.1,2.3,0.82
sctde,165,-0.4,2.537715508089904,0.87
sctde,166,0.8,2.1354156504062622,0.71
sctde,167,1.3,3.287856444554719,0.7799999999999999
sctde,168,1.2,1.98997487421324,0.8300000000000001
sctde,169,0.0,1.2649110640673518,0.76
sctde,170,-0.1,1.3,0.65
sctde,171,-0.4,2.1540659228538015,0.52
sctde,172,0.8,1.8867962264113207,0.49000000000000005
sctde,173,1.3,2.0024984394500787,0.56
sctde,174,-0.4,2.2891046284519194,0.41000000000000003
sctde,175,1.5,1.91049731745428,0.6000000000000001
sctde,176,-0.6,3.5552777669262356,0.46
sctde,177,-0.7,1.9000000000000001,0.26
sctde,178,0.3,2.6095976701399777,0.17
sctde,179,-0.1,1.972308292331602,0.16
sctde,180,0.6,2.8,0.23
sctde,181,0.3,2.5317977802344322,0.30000000000000004
sctde,182,1.6,2.2891046284519194,0.38
sctde,183,0.3,2.147091055358389,0.28
sctde,184,1.5,2.29128784747792,0.4700000000000001
sctde,185,1.0,1.4142135623730951,0.42000000000000004
sctde,186,-0.7,1.676305461424021,0.4100000000000001
sctde,187,0.4,1.9595917942265424,0.52
sctde,188,-0.2,2.3151673805580453,0.47
sctde,189,-0.3,1.4866068747318504,0.44999999999999996
sctde,190,1.8,2.4000000000000004,0.5700000000000001
sctde,191,0.6,1.9595917942265426,0.6000000000000001
sctde,192,1.1,0.7,0.55
sctde,193,1.1,1.7578395831246947,0.63
sctde,194,0.8,2.56124969497314,0.56
sctde,195,0.3,2.238302928559939,0.49
sctde,196,0.4,1.9595917942265424,0.6000000000000001
sctde,197,2.0,3.794733192202055,0.76
sctde,198,1.6,1.42828568570857,0.9400000000000001
sctde,199,0.6,1.42828568570857,1.03
sctde,200,0.8,3.0919249667480613,0.9300000000000002
sctde,201,-0.3,2.147091055358389,0.8400000000000001
sctde,202,0.0,2.1447610589527217,0.7300000000000002
sctde,203,1.3,2.2825424421026654,0.7500000000000001
sctde,204,0.2,2.2271057451320084,0.6900000000000001
sctde,205,0.8,1.5999999999999999,0.74
sctde,206,0.1,2.3853720883753127,0.71
sctde,207,0.5,2.3345235059857505,0.56
sctde,208,1.7,2.0024984394500787,0.5700000000000001
sctde,209,0.7,1.1874342087037917,0.58
sctde,210,0.6,1.2806248474865698,0.56
sctde,211,-0.4,1.562049935181331,0.55
sctde,212,-0.2,2.039607805437114,0.53
sctde,213,-1.1,1.7,0.29000000000000004
sctde,214,1.6,2.3323807579381204,0.43000000000000005
sctde,215,0.6,1.7435595774162693,0.41
sctde,216,0.0,2.7202941017470885,0.4000000000000001
sctde,217,1.1,2.211334438749598,0.4600000000000001
sctde,218,0.1,2.071231517720798,0.30000000000000004
sctde,219,1.1,3.0479501308256336,0.3400000000000001
sctde,220,1.5,1.2041594578792296,0.43000000000000005
sctde,221,1.0,1.7888543819998317,0.5700000000000001
sctde,222,0.9,2.7,0.68
sctde,223,0.2,2.3151673805580453,0.81
sctde,224,-0.1,2.808914381037628,0.64
sctde,225,0.0,2.756809750418044,0.5800000000000001
sctde,226,0.7,2.4103941586387903,0.65
sctde,227,0.2,1.8867962264113207,0.56
sctde,228,0.4,1.8000000000000003,0.5900000000000001
sctde,229,0.4,2.1071307505705477,0.5200000000000001
sctde,230,0.4,1.6852299546352718,0.41000000000000014
sctde,231,1.4,2.6907248094147422,0.45000000000000007
sctde,232,2.0,2.04939015319192,0.56
sctde,233,0.4,1.8,0.5800000000000001
sctde,234,-0.1,3.3301651610693423,0.5800000000000001
sctde,235,1.2,1.4696938456699071,0.7000000000000001
sctde,236,1.4,2.1540659228538015,0.77
sctde,237,0.0,2.1447610589527217,0.75
sctde,238,1.2,2.2715633383201093,0.8300000000000001
sctde,239,0.7,1.8466185312619388,0.86
sctde,240,2.2,2.9597297173897488,1.04
sctde,241,1.1,2.211334438749598,1.01
sctde,242,0.4,1.8,0.85
sctde,243,0.8,2.1354156504062622,0.8900000000000001
sctde,244,-0.1,2.2113344387495983,0.8900000000000001
sctde,245,0.0,1.2649110640673518,0.77
sctde,246,1.0,2.8284271247461903,0.7300000000000001
sctde,247,0.8,1.661324772583615,0.81
sctde,248,0.7,2.0518284528683193,0.7599999999999999
sctde,249,0.3,1.5524174696260022,0.7200000000000001
sctde,250,0.3,2.4103941586387903,0.5300000000000001
sctde,251,0.9,1.6401219466856727,0.51
sctde,252,0.3,1.1874342087037917,0.5
sctde,253,0.0,1.7888543819998317,0.42000000000000004
sctde,254,0.3,2.0518284528683193,0.4600000000000001
sctde,255,-0.1,1.9209372712298547,0.45000000000000007
sctde,256,1.0,1.9493588689617927,0.45000000000000007
sctde,257,1.4,2.0099751242241783,0.51
sctde,258,-0.4,2.289104628451919,0.4
sctde,259,1.1,2.022374841615669,0.48
sctde,260,-0.3,1.004987562112089,0.41999999999999993
sctde,261,1.1,1.9723082923316022,0.43999999999999995
sctde,262,1.6,2.727636339397171,0.5700000000000001
sctde,263,2.5,2.3345235059857505,0.8200000000000001
sctde,264,0.4,2.4576411454889016,0.8300000000000001
sctde,265,-0.5,1.9621416870348585,0.79
sctde,266,1.3,2.0024984394500787,0.8200000000000001
sctde,267,0.6,3.1685959035509716,0.74
sctde,268,0.3,1.6155494421403511,0.81
sctde,269,1.6,2.3748684174075834,0.8600000000000002
sctde,270,0.5,2.3345235059857505,0.9400000000000001
sctde,271,1.1,1.374772708486752,0.9400000000000002
sctde,272,1.1,2.6999999999999997,0.8900000000000001
sctde,273,0.2,2.039607805437114,0.66
sctde,274,-0.8,2.1354156504062622,0.54
sctde,275,0.0,2.9664793948382653,0.5900000000000001
sctde,276,1.0,2.280350850198276,0.56
sctde,277,2.0,1.5491933384829668,0.7000000000000002
sctde,278,2.5,1.5,0.9200000000000002
sctde,279,1.0,2.4899799195977463,0.86
sctde,280,-1.7,2.193171219946131,0.6399999999999999
sctde,281,2.1,1.7,0.74
sctde,282,1.0,1.7888543819998317,0.7299999999999999
sctde,283,1.1,2.4677925358506134,0.8199999999999998
sctde,284,0.2,1.3266499161421599,0.9199999999999999
sctde,285,2.2,1.7776388834631176,1.14
sctde,286,0.5,1.284523257866513,1.09
sctde,287,-0.6,1.685229954635272,0.8300000000000001
sctde,288,1.2,1.8330302779823362,0.7000000000000001
sctde,289,0.9,1.57797338380595,0.6900000000000001
sctde,290,1.4,2.6907248094147422,1.0
sctde,291,-0.1,3.477067730142742,0.78
sctde,292,0.3,1.0999999999999999,0.7100000000000001
sctde,293,1.1,1.8681541692269403,0.7100000000000001
sctde,294,0.4,2.009975124224178,0.7300000000000001
sctde,295,0.8,1.8330302779823358,0.5900000000000001
sctde,296,0.8,2.227105745132009,0.6200000000000001
sctde,297,0.9,1.6401219466856727,0.7700000000000001
sctde,298,1.1,2.3853720883753127,0.76
sctde,299,0.8,2.4,0.75
sctde,300,0.1,2.0712315177207983,0.6200000000000001
sctde,301,0.9,2.3,0.7200000000000001
sctde,302,1.5,1.5,0.8400000000000001
sctde,303,1.3,2.72213151776324,0.8600000000000001
sctde,304,1.7,1.676305461424021,0.9900000000000002
sctde,305,1.6,2.1071307505705477,1.0700000000000003
sctde,306,1.4,3.0724582991474434,1.1300000000000001
sctde,307,1.6,2.1999999999999997,1.2000000000000002
sctde,308,0.7,2.6095976701399777,1.1600000000000004
sctde,309,0.6,2.615339366124404,1.1400000000000003
sctde,310,1.0,2.280350850198276,1.2300000000000002
sctde,311,1.7,1.4866068747318504,1.31
sctde,312,2.4,2.6532998322843198,1.4000000000000001
sctde,313,0.5,3.170173496829472,1.32
sctde,314,1.5,2.6172504656604803,1.3000000000000003
sctde,315,1.2,2.6381811916545836,1.2600000000000002
sctde,316,2.1,1.445683229480096,1.33
sctde,317,2.4,1.7435595774162693,1.4100000000000001
sctde,318,1.1,1.8138357147217055,1.4500000000000002
sctde,319,1.1,3.014962686336267,1.5000000000000002
sctde,320,0.4,2.4576411454889016,1.4400000000000004
sctde,321,2.1,2.4677925358506134,1.4800000000000002
sctde,322,1.2,2.638181191654584,1.3599999999999999
sctde,323,0.2,1.6,1.33
sctde,324,0.9,1.9209372712298547,1.2700000000000002
sctde,325,1.6,2.3748684174075834,1.31
sctde,326,1.0,2.0976176963403033,1.2000000000000002
sctde,327,-0.6,1.8,0.9000000000000001
sctde,328,0.6,1.42828568570857,0.8500000000000001
sctde,329,0.2,1.3266499161421599,0.7600000000000002
sctde,330,2.1,1.7578395831246947,0.9300000000000002
sctde,331,1.4,2.497999199359359,0.8600000000000002
sctde,332,1.5,1.91049731745428,0.8900000000000001
sctde,333,1.3,3.163858403911275,1.0
sctde,334,0.7,2.5317977802344322,0.98
sctde,335,1.7,2.4103941586387903,0.99
sctde,336,0.6,2.4979991993593593,0.95
sctde,337,-0.1,1.5132745950421556,1.0
sctde,338,1.3,2.2825424421026654,1.0699999999999998
sctde,339,1.3,1.3453624047073711,1.1799999999999997
sctde,340,0.1,2.1656407827707715,0.98
sctde,341,0.7,1.9000000000000001,0.91
sctde,342,1.5,2.3769728648009427,0.91
sctde,343,0.8,2.1354156504062622,0.8600000000000001
sctde,344,0.1,1.5779733838059502,0.8
sctde,345,-0.1,2.7730849247724096,0.6200000000000001
sctde,346,0.9,1.7,0.65
sctde,347,-0.3,1.4177446878757824,0.63
sctde,348,0.8,2.749545416973504,0.5800000000000001
sctde,349,0.4,2.1071307505705477,0.4900000000000001
sctde,350,0.7,1.6155494421403513,0.55
sctde,351,1.3,1.9000000000000001,0.6100000000000001
sctde,352,1.0,2.1447610589527217,0.56
sctde,353,1.1,1.8681541692269406,0.59
sctde,354,0.7,1.6155494421403511,0.65
sctde,355,1.0,2.6457513110645907,0.7599999999999999
sctde,356,1.8,1.4696938456699071,0.85
sctde,357,1.6,2.2891046284519194,1.04
sctde,358,1.4,1.9595917942265426,1.0999999999999999
sctde,359,1.5,1.5,1.21
sctde,360,0.4,1.9595917942265424,1.1800000000000002
sctde,361,2.0,1.4142135623730951,1.2500000000000002
sctde,362,1.8,2.7129319932501073,1.33
sctde,363,0.3,2.6095976701399777,1.25
sctde,364,1.6,2.1999999999999997,1.3400000000000003
sctde,365,1.6,2.0591260281974,1.4000000000000004
sctde,366,1.3,2.570992026436488,1.35
sctde,367,2.6,1.6852299546352718,1.45
sctde,368,0.5,2.0615528128088303,1.3600000000000003
sctde,369,1.6,3.0724582991474434,1.37
sctde,370,0.8,2.181742422927143,1.4100000000000001
sctde,371,0.6,1.854723699099141,1.2700000000000002
sctde,372,-0.2,3.919183588453085,1.0700000000000003
sctde,373,0.3,1.345362404707371,1.0700000000000003
sctde,374,0.5,2.3345235059857505,0.9600000000000002
sctde,375,0.3,2.7586228448267445,0.8300000000000003
sctde,376,2.4,1.9078784028338913,0.9400000000000002
sctde,377,1.1,3.176476034853718,0.7899999999999999
sctde,378,1.7,2.685144316419511,0.91
sctde,379,1.1,2.022374841615669,0.86
sctde,380,2.0,1.0954451150103321,0.98
sctde,381,2.0,2.9664793948382653,1.1199999999999999
sctde,382,0.5,1.4317821063276353,1.19
sctde,383,0.3,2.3685438564654024,1.1900000000000002
sctde,384,0.3,3.001666203960727,1.1700000000000002
sctde,385,0.4,1.8547236990991407,1.1800000000000002
sctde,386,0.5,2.539685019840059,0.9900000000000002
sctde,387,0.3,2.6095976701399777,0.9100000000000003
sctde,388,-0.4,2.2891046284519194,0.7000000000000002
sctde,389,1.4,2.6907248094147422,0.7300000000000001
sctde,390,1.5,2.7658633371878665,0.68
sctde,391,0.8,2.925747767665559,0.56
sctde,392,1.0,2.04939015319192,0.61
sctde,393,2.0,2.6457513110645907,0.78
sctde,394,0.7,2.238302928559939,0.82
sctde,395,1.2,2.181742422927143,0.8999999999999999
sctde,396,1.7,2.4103941586387903,1.02
sctde,397,1.8,2.85657137141714,1.1700000000000002
sctde,398,0.2,2.039607805437114,1.23
sctde,399,1.1,1.8138357147217055,1.2000000000000002
sctde,400,2.0,1.4832396974191326,1.2500000000000002
sctde,401,1.4,1.3564659966250536,1.31
sctde,402,1.4,2.4166091947189146,1.3499999999999999
sctde,403,2.1,2.3430749027719964,1.3599999999999999
sctde,404,-0.1,2.5079872407968904,1.28
sctde,405,1.3,1.4866068747318504,1.29
sctde,406,0.8,1.8867962264113207,1.2000000000000002
sctde,407,0.1,2.5475478405714,1.03
sctde,408,0.1,2.022374841615669,1.02
sctde,409,1.5,1.8027756377319946,1.06
sctde,410,1.7,2.8301943396169813,1.03
sctde,411,1.1,2.118962010041709,1.0000000000000002
sctde,412,1.2,2.08806130178211,0.9800000000000001
sctde,413,1.0,1.61245154965971,0.87
sctde,414,2.5,2.8722813232690143,1.13
sctde,415,1.7,3.348133808556641,1.17
sctde,416,1.5,2.29128784747792,1.2400000000000002
sctde,417,0.9,1.7578395831246947,1.32
sctde,418,1.3,1.676305461424021,1.4400000000000004
sctde,419,1.2,2.5612496949731396,1.4100000000000001
sctde,420,1.0,2.3664319132398464,1.3400000000000003
sctde,421,0.9,1.445683229480096,1.32
sctde,422,0.4,1.624807680927192,1.2400000000000002
sctde,423,1.3,1.9000000000000001,1.27
sctde,424,-0.1,2.4677925358506134,1.01
sctde,425,1.4,1.42828568570857,0.9800000000000001
sctde,426,1.1,2.7,0.9400000000000001
sctde,427,2.5,2.1563858652847827,1.1
sctde,428,0.7,2.147091055358389,1.04
sctde,429,2.6,3.8262252939417984,1.18
sctde,430,2.0,2.9664793948382653,1.28
sctde,431,0.5,1.9621416870348585,1.24
sctde,432,1.9,2.3853720883753127,1.39
sctde,433,1.2,3.1874754901018454,1.38
sctde,434,2.0,2.1447610589527217,1.59
sctde,435,1.6,1.9078784028338913,1.6099999999999999
sctde,436,1.7,1.2688577540449522,1.67
sctde,437,1.3,2.0024984394500787,1.5499999999999998
sctde,438,0.4,1.8,1.52
sctde,439,1.0,1.7320508075688772,1.3600000000000003
sctde,440,2.8,2.2715633383201093,1.4400000000000002
sctde,441,0.9,2.5475478405713994,1.4800000000000002
sctde,442,1.9,2.879236009777594,1.48
sctde,443,1.1,2.071231517720798,1.4700000000000002
sctde,444,1.6,1.8547236990991407,1.4300000000000002
sctde,445,1.0,1.7888543819998317,1.37
sctde,446,0.9,2.467792535850613,1.2900000000000003
sctde,447,2.6,3.1999999999999997,1.4200000000000002
sctde,448,-0.5,2.247220505424423,1.33
sctde,449,2.1,2.3853720883753127,1.44
sctde,450,1.3,2.325940669922601,1.29
sctde,451,2.4,3.8781438859330635,1.4400000000000002
sctde,452,1.9,2.211334438749598,1.4399999999999997
sctde,453,1.8,2.039607805437114,1.51
sctde,454,1.8,2.0880613017821097,1.53
sctde,455,0.8,1.886796226411321,1.51
sctde,456,1.5,2.3345235059857505,1.5699999999999998
sctde,457,1.4,1.4966629547095767,1.45
sctde,458,1.6,2.6532998322843193,1.6600000000000001
sctde,459,1.4,2.1071307505705477,1.59
sctde,460,2.4,2.154065922853802,1.6999999999999997
sctde,461,2.0,2.4899799195977463,1.66
sctde,462,1.1,1.9209372712298547,1.58
sctde,463,2.7,2.9,1.6700000000000002
sctde,464,2.3,1.9,1.7200000000000002
sctde,465,1.4,3.2310988842807022,1.78
sctde,466,2.1,1.8681541692269406,1.84
sctde,467,1.8,1.7204650534085253,1.88
sctde,468,1.1,1.5132745950421556,1.8299999999999998
sctde,469,1.8,1.661324772583615,1.8699999999999999
sctde,470,1.4,3.52703841770968,1.77
sctde,471,1.6,1.7435595774162693,1.73
sctde,472,1.7,1.6155494421403513,1.79
sctde,473,2.4,2.6907248094147422,1.76
sctde,474,1.7,2.491987158875423,1.7
sctde,475,2.0,3.1304951684997055,1.76
sctde,476,1.2,2.2271057451320084,1.67
sctde,477,0.3,1.846618531261939,1.5199999999999998
sctde,478,1.1,2.6248809496813377,1.52
sctde,479,2.6,2.939387691339814,1.6000000000000003
sctde,480,1.4,1.6852299546352716,1.6
sctde,481,1.3,1.676305461424021,1.5699999999999998
sctde,482,1.0,2.23606797749979,1.5
sctde,483,0.0,2.4899799195977463,1.2600000000000002
sctde,484,2.4,1.5620499351813308,1.33
sctde,485,1.2,1.16619037896906,1.25
sctde,486,2.5,2.4596747752497685,1.38
sctde,487,0.0,1.9493588689617927,1.35
sctde,488,1.9,2.3853720883753127,1.43
sctde,489,1.3,1.345362404707371,1.2999999999999998
sctde,490,1.1,1.6401219466856727,1.2700000000000002
sctde,491,0.3,3.0347981810987035,1.17
sctde,492,3.9,2.5475478405713994,1.46
sctde,493,1.6,1.3564659966250536,1.62
sctde,494,0.5,1.746424919657298,1.4300000000000004
sctde,495,3.0,1.7320508075688772,1.6100000000000003
sctde,496,0.2,1.469693845669907,1.3800000000000003
sctde,497,1.2,3.026549190084311,1.5000000000000004
sctde,498,1.0,2.932575659723036,1.4100000000000001
sctde,499,0.9,2.0223748416156684,1.3700000000000003
sctde,500,1.6,1.8547236990991407,1.4200000000000004
sctde,501,3.2,3.1240998703626617,1.7100000000000002
sctde,502,2.5,2.5,1.57
sctde,503,2.5,2.202271554554524,1.6600000000000001
sctde,504,1.4,2.727636339397171,1.75
sctde,505,1.9,1.9723082923316022,1.64
sctde,506,1.8,1.7776388834631178,1.7999999999999998
sctde,507,2.1,3.269556544854363,1.89
sctde,508,1.2,2.5612496949731396,1.9099999999999997
sctde,509,2.3,3.0675723300355937,2.05
sctde,510,2.8,3.2186953878862163,2.17
sctde,511,2.6,2.33238075793812,2.11
sctde,512,1.3,3.407345007480164,1.9900000000000002
sctde,513,1.0,2.1908902300206643,1.8399999999999999
sctde,514,1.4,2.289104628451919,1.84
sctde,515,0.8,2.181742422927143,1.7300000000000002
sctde,516,0.8,1.7204650534085255,1.6300000000000001
sctde,517,1.8,2.2715633383201093,1.6
sctde,518,2.2,2.181742422927143,1.7
sctde,519,3.5,2.8372521918222215,1.82
sctde,520,2.6,2.1540659228538015,1.8000000000000003
sctde,521,1.6,1.9595917942265424,1.7000000000000002
sctde,522,2.4,2.690724809414742,1.8100000000000003
sctde,523,2.3,2.6476404589747453,1.9400000000000002
sctde,524,1.6,2.33238075793812,1.96
sctde,525,1.2,1.8330302779823362,2.0
sctde,526,1.9,2.3853720883753127,2.11
sctde,527,3.2,2.08806130178211,2.25
sctde,528,1.4,2.154065922853802,2.1700000000000004
sctde,529,0.9,2.7367864366808017,1.91
sctde,530,1.7,1.7349351572897471,1.82
sctde,531,2.1,2.3853720883753127,1.8699999999999999
sctde,532,2.8,1.4696938456699067,1.91
sctde,533,1.5,2.202271554554524,1.83
sctde,534,2.5,2.1563858652847827,1.92
sctde,535,1.9,1.3,1.9900000000000002
sctde,536,1.7,2.0518284528683193,1.9700000000000002
sctde,537,1.4,1.42828568570857,1.7899999999999998
sctde,538,1.6,2.3748684174075834,1.8099999999999996
sctde,539,1.7,1.6763054614240211,1.8899999999999997
sctde,540,4.2,1.98997487421324,2.1399999999999997
sctde,541,2.7,2.238302928559939,2.1999999999999997
sctde,542,2.3,1.5524174696260025,2.15
sctde,543,1.6,2.939387691339814,2.16
sctde,544,1.1,2.981610303175115,2.02
sctde,545,1.5,2.5,1.9800000000000004
sctde,546,2.1,1.445683229480096,2.0200000000000005
sctde,547,2.1,1.5132745950421558,2.0900000000000003
sctde,548,2.9,2.5079872407968904,2.22
sctde,549,3.0,2.792848008753788,2.3500000000000005
sctde,550,1.2,1.8330302779823362,2.0500000000000003
sctde,551,2.6,2.154065922853802,2.04
sctde,552,2.2,1.9390719429665317,2.0300000000000002
sctde,553,1.9,1.3,2.06
sctde,554,1.9,2.3430749027719964,2.14
sctde,555,3.9,1.9209372712298547,2.38
sctde,556,2.1,1.9209372712298547,2.38
sctde,557,1.5,1.91049731745428,2.32
sctde,558,1.4,1.8,2.17
sctde,559,0.9,1.5132745950421556,1.96
sctde,560,2.4,2.1540659228538015,2.08
sctde,561,2.7,2.1,2.09
sctde,562,2.3,2.238302928559939,2.0999999999999996
sctde,563,1.4,2.416609194718914,2.0500000000000003
sctde,564,2.7,2.451530134426253,2.13
sctde,565,1.8,1.7776388834631178,1.92
sctde,566,1.7,1.1874342087037917,1.88
sctde,567,0.7,1.1874342087037917,1.7999999999999998
sctde,568,1.3,3.0675723300355937,1.79
sctde,569,3.1,3.419064199455752,2.01
sctde,570,2.7,2.3259406699226015,2.04
sctde,571,2.1,1.374772708486752,1.98
sctde,572,2.4,1.7435595774162693,1.99
sctde,573,0.8,2.4819347291981715,1.9300000000000002
sctde,574,1.6,2.764054992217051,1.8200000000000003
sctde,575,3.0,2.32379000772445,1.9400000000000002
sctde,576,2.2,1.16619037896906,1.9900000000000002
sctde,577,2.8,1.469693845669907,2.2
sctde,578,1.4,2.939387691339814,2.21
sctde,579,3.3,2.8653097563788807,2.23
sctde,580,2.6,3.1368774282716245,2.22
sctde,581,2.3,2.2825424421026654,2.2399999999999998
sctde,582,0.4,2.7640549922170505,2.04
sctde,583,2.4,2.009975124224178,2.2
sctde,584,4.3,2.051828452868319,2.47
sctde,585,2.3,2.0024984394500787,2.4
sctde,586,2.0,3.1304951684997055,2.38
sctde,587,0.7,1.1874342087037917,2.17
sctde,588,2.5,2.1563858652847827,2.28
sctde,589,1.0,1.3416407864998738,2.05
sctde,590,2.6,2.973213749463701,2.05
sctde,591,3.1,2.6627053911388696,2.13
sctde,592,3.2,3.280243893371345,2.41
sctde,593,2.4,1.4966629547095764,2.41
sctde,594,0.8,2.181742422927143,2.06
sctde,595,1.8,2.181742422927143,2.0100000000000002
sctde,596,2.1,2.4269322199023193,2.02
sctde,597,3.6,1.4966629547095764,2.31
sctde,598,0.9,1.445683229480096,2.15
sctde,599,2.4,3.136877428271624,2.29
sctde,600,2.5,2.692582403567252,2.2800000000000002
sctde,601,3.4,2.5377155080899043,2.3100000000000005
sctde,602,3.2,2.315167380558045,2.3100000000000005
sctde,603,1.5,1.6278820596099706,2.22
sctde,604,1.9,2.5079872407968904,2.33
sctde,605,3.6,1.8547236990991407,2.51
sctde,606,2.9,2.3430749027719964,2.59
sctde,607,2.2,2.181742422927143,2.45
sctde,608,1.8,2.4819347291981715,2.5400000000000005
sctde,609,2.6,1.7435595774162695,2.5600000000000005
sctde,610,2.5,2.3769728648009427,2.5600000000000005
sctde,611,2.1,2.1656407827707715,2.43
sctde,612,3.7,2.3259406699226015,2.48
sctde,613,2.4,2.009975124224178,2.5700000000000003
sctde,614,1.6,1.3564659966250538,2.54
sctde,615,1.1,1.5132745950421556,2.2900000000000005
sctde,616,4.3,2.3259406699226015,2.43
sctde,617,2.9,2.2561028345356955,2.5000000000000004
sctde,618,0.8,1.4000000000000001,2.4000000000000004
sctde,619,1.7,1.9,2.31
sctde,620,2.1,2.947880594596735,2.27
sctde,621,3.3,2.6851443164195103,2.39
sctde,622,1.4,3.1368774282716245,2.16
sctde,623,1.8,1.886796226411321,2.1
sctde,624,2.0,2.1908902300206643,2.14
sctde,625,2.2,3.0919249667480613,2.2500000000000004
sctde,626,2.2,3.0594117081556713,2.04
sctde,627,3.9,3.047950130825634,2.14
sctde,628,2.5,1.91049731745428,2.31
sctde,629,2.9,2.118962010041709,2.43
sctde,630,2.2,2.1354156504062622,2.4400000000000004
sctde,631,2.4,2.3748684174075834,2.3500000000000005
sctde,632,3.7,1.9000000000000001,2.58
sctde,633,3.5,2.29128784747792,2.7500000000000004
sctde,634,2.8,2.3579652245103193,2.83
sctde,635,1.4,3.6386810797320503,2.75
sctde,636,1.7,2.4515301344262523,2.6999999999999997
sctde,637,1.7,1.7916472867168916,2.48
sctde,638,3.8,2.3579652245103193,2.61
sctde,639,3.6,1.854723699099141,2.6799999999999997
sctde,640,2.0,3.0659419433511785,2.66
sctde,641,3.9,2.5475478405713994,2.81
sctde,642,2.4,2.537715508089904,2.6800000000000006
sctde,643,2.3,1.7349351572897473,2.56
sctde,644,2.0,0.7745966692414834,2.48
sctde,645,2.8,3.3105890714493693,2.6199999999999997
sctde,646,1.9,2.2561028345356955,2.6399999999999997
sctde,647,1.7,2.4103941586387903,2.6399999999999997
sctde,648,3.3,2.4103941586387903,2.59
sctde,649,2.2,2.6758176320519302,2.45
sctde,650,3.3,2.0518284528683193,2.58
sctde,651,3.1,2.662705391138869,2.5
sctde,652,3.2,2.227105745132009,2.58
sctde,653,4.1,1.9723082923316022,2.7600000000000007
sctde,654,2.5,1.9621416870348585,2.8100000000000005
sctde,655,5.6,2.1071307505705477,3.0900000000000003
sctde,656,2.3,1.4177446878757824,3.1300000000000003
sctde,657,1.3,2.0024984394500787,3.09
sctde,658,3.4,3.006659275674582,3.0999999999999996
sctde,659,2.3,2.3685438564654024,3.11
sctde,660,3.0,2.32379000772445,3.08
sctde,661,0.9,2.071231517720798,2.8599999999999994
sctde,662,4.1,2.5865034312755126,2.9499999999999993
sctde,663,3.2,1.7776388834631178,2.8600000000000003
sctde,664,2.4,3.3226495451672298,2.8500000000000005
sctde,665,3.9,2.2113344387495983,2.68
sctde,666,2.1,2.981610303175115,2.66
sctde,667,2.5,2.202271554554524,2.7800000000000002
sctde,668,2.6,1.8,2.7
sctde,669,2.2,2.85657137141714,2.69
sctde,670,1.4,3.3526109228480423,2.5300000000000002
sctde,671,2.9,2.3430749027719964,2.7300000000000004
sctde,672,2.3,2.6476404589747453,2.5500000000000003
sctde,673,3.2,1.8330302779823362,2.55
sctde,674,1.6,1.1135528725660044,2.47
sctde,675,2.8,1.469693845669907,2.36
sctde,676,3.0,1.5491933384829668,2.45
sctde,677,1.5,2.3769728648009427,2.35
sctde,678,2.8,2.181742422927143,2.3699999999999997
sctde,679,3.9,2.5475478405714,2.54
sctde,680,5.5,3.6945906403822333,2.95
sctde,681,2.7,2.7586228448267445,2.93
sctde,682,3.8,2.227105745132009,3.0799999999999996
sctde,683,2.9,2.3430749027719964,3.0500000000000003
sctde,684,2.5,2.7658633371878665,3.1399999999999997
sctde,685,3.7,2.193171219946131,3.2300000000000004
sctde,686,2.0,2.7202941017470885,3.1300000000000003
sctde,687,3.1,1.7578395831246947,3.2900000000000005
sctde,688,3.1,1.6401219466856727,3.3200000000000003
sctde,689,4.1,3.269556544854363,3.3400000000000007
sctde,690,1.9,1.9209372712298547,2.9800000000000004
sctde,691,2.8,2.6,2.99
sctde,692,2.2,1.8867962264113207,2.83
sctde,693,4.5,2.7658633371878665,2.99
sctde,694,2.9,1.57797338380595,3.0300000000000002
sctde,695,3.0,1.7320508075688772,2.96
sctde,696,2.8,2.039607805437114,3.0399999999999996
sctde,697,3.7,2.5317977802344322,3.1
sctde,698,2.8,2.2715633383201097,3.0699999999999994
sctde,699,5.8,3.1874754901018454,3.2399999999999998
sctde,700,1.8,1.7204650534085253,3.23
sctde,701,3.3,1.676305461424021,3.2800000000000002
sctde,702,3.5,2.29128784747792,3.4100000000000006
sctde,703,1.6,2.90516780926679,3.1200000000000006
sctde,704,1.5,2.8722813232690143,2.98
sctde,705,3.0,2.23606797749979,2.9799999999999995
sctde,706,3.5,2.247220505424423,3.0500000000000003
sctde,707,3.8,2.5612496949731396,3.06
sctde,708,1.8,1.7776388834631178,2.96
sctde,709,2.7,2.451530134426253,2.6500000000000004
sctde,710,2.5,2.0615528128088303,2.72
sctde,711,2.8,2.1354156504062622,2.6699999999999995
sctde,712,3.2,2.6,2.6399999999999997
sctde,713,3.4,2.65329983228432,2.8200000000000003
sctde,714,2.9,2.211334438749598,2.96
sctde,715,2.9,2.2561028345356955,2.95
sctde,716,3.0,1.7888543819998317,2.9000000000000004
sctde,717,2.6,2.1071307505705477,2.7800000000000002
sctde,718,3.8,2.785677655436824,2.9799999999999995
sctde,719,1.2,1.6,2.83
sctde,720,4.2,1.9899748742132402,3.0
sctde,721,3.6,4.079215610874228,3.08
sctde,722,2.4,2.870540018881465,3.0
sctde,723,2.3,2.238302928559939,2.89
sctde,724,3.8,2.8213471959331775,2.98
sctde,725,3.9,2.7,3.08
sctde,726,2.6,1.854723699099141,3.04
sctde,727,3.0,1.4832396974191326,3.08
sctde,728,1.7,2.9,2.87
sctde,729,3.4,2.33238075793812,3.09
sctde,730,3.9,3.047950130825634,3.06
sctde,731,3.3,3.195309061734091,3.0300000000000002
sctde,732,2.6,2.90516780926679,3.05
sctde,733,4.3,2.2383029285599396,3.2500000000000004
sctde,734,4.0,1.8439088914585775,3.2700000000000005
sctde,735,3.0,2.23606797749979,3.1799999999999997
sctde,736,2.6,2.90516780926679,3.1799999999999997
sctde,737,4.6,2.939387691339814,3.34
sctde,738,2.8,2.2715633383201093,3.4499999999999997
sctde,739,3.7,2.3259406699226015,3.48
sctde,740,3.1,2.8442925306655784,3.4
sctde,741,2.6,2.244994432064365,3.33
sctde,742,3.9,2.981610303175115,3.4600000000000004
sctde,743,1.2,1.32664991614216,3.15
sctde,744,2.8,2.039607805437114,3.0300000000000002
sctde,745,4.0,2.7202941017470885,3.13
sctde,746,4.7,1.7349351572897473,3.3400000000000003
sctde,747,3.2,1.9390719429665317,3.2
sctde,748,3.4,2.764054992217051,3.2600000000000007
sctde,749,1.8,3.1559467676119,3.0700000000000007
sctde,750,3.7,2.7946377224964243,3.1300000000000003
sctde,751,3.7,2.5317977802344322,3.24
sctde,752,5.1,2.211334438749598,3.3600000000000003
sctde,753,3.1,3.047950130825634,3.5500000000000003
sctde,754,2.6,3.0724582991474434,3.5300000000000002
sctde,755,3.4,2.8000000000000003,3.4700000000000006
sctde,756,1.9,2.3430749027719964,3.19
sctde,757,4.6,2.973213749463701,3.3299999999999996
sctde,758,3.4,1.6248076809271923,3.3299999999999996
sctde,759,2.6,1.7435595774162693,3.41
sctde,760,4.2,2.7129319932501077,3.46
sctde,761,4.6,2.8354893757515653,3.55
sctde,762,2.2,2.6,3.2600000000000002
sctde,763,2.9,2.4269322199023193,3.24
sctde,764,2.5,2.7294688127912363,3.2300000000000004
sctde,765,2.3,3.5227829907617076,3.12
sctde,766,3.4,3.7202150475476548,3.27
sctde,767,3.9,3.477067730142742,3.2
sctde,768,2.6,1.8547236990991407,3.12
sctde,769,3.2,1.9899748742132402,3.1800000000000006
sctde,770,2.1,2.4269322199023193,2.9700000000000006
sctde,771,4.7,2.8301943396169813,2.9800000000000004
sctde,772,4.3,1.7349351572897473,3.1900000000000004
sctde,773,2.4,2.764054992217051,3.1400000000000006
sctde,774,2.9,3.014962686336267,3.1800000000000006
sctde,775,3.2,2.7129319932501077,3.2700000000000005
sctde,776,3.6,2.1071307505705477,3.2900000000000005
sctde,777,3.4,1.7435595774162693,3.2399999999999998
sctde,778,3.1,2.6999999999999997,3.29
sctde,779,3.1,2.5865034312755126,3.2800000000000002
sctde,780,4.0,2.6832815729997477,3.47
sctde,781,2.4,2.457641145488901,3.24
sctde,782,3.8,3.4292856398964493,3.1900000000000004
sctde,783,2.3,2.2825424421026654,3.18
sctde,784,3.8,2.7495454169735045,3.27
sctde,785,4.0,2.898275349237888,3.35
sctde,786,4.2,2.749545416973504,3.41
sctde,787,3.2,2.821347195933177,3.3899999999999997
sctde,788,3.8,3.1559467676119,3.46
sctde,789,4.0,2.7202941017470885,3.5499999999999994
sctde,790,4.2,1.8330302779823362,3.57
sctde,791,3.0,1.9493588689617927,3.63
sctde,792,3.1,2.022374841615669,3.56
sctde,793,3.6,2.1999999999999997,3.6900000000000004
sctde,794,4.1,1.8138357147217055,3.7199999999999998
sctde,795,5.0,4.0,3.8200000000000003
sctde,796,2.1,2.8792360097775935,3.61
sctde,797,3.3,3.318132004607412,3.6200000000000006
sctde,798,3.8,2.481934729198171,3.62
sctde,799,2.9,2.4269322199023198,3.5100000000000002
sctde,800,4.6,3.1368774282716245,3.5500000000000003
sctde,801,2.4,2.1540659228538015,3.49
sctde,802,3.1,3.0479501308256345,3.4899999999999998
sctde,803,3.4,3.1685959035509716,3.47
sctde,804,3.8,2.4819347291981715,3.44
sctde,805,5.1,2.6248809496813377,3.4499999999999993
sctde,806,4.3,2.8301943396169813,3.6699999999999995
sctde,807,3.3,1.9,3.6700000000000004
sctde,808,3.3,2.6851443164195103,3.6200000000000006
sctde,809,4.3,2.0024984394500787,3.7600000000000007
sctde,810,3.3,1.4866068747318506,3.6300000000000003
sctde,811,3.9,4.3920382511995495,3.7800000000000007
sctde,812,4.4,2.764054992217051,3.91
sctde,813,5.5,2.7658633371878665,4.12
sctde,814,3.5,3.4132096331752027,4.09
sctde,815,4.9,1.6401219466856727,4.07
sctde,816,2.2,2.4413111231467406,3.8600000000000003
sctde,817,3.2,2.925747767665559,3.8500000000000005
sctde,818,5.1,2.2561028345356955,4.03
sctde,819,4.9,2.4269322199023193,4.090000000000001
sctde,820,4.4,2.4166091947189146,4.200000000000001
sctde,821,3.8,2.039607805437114,4.19
sctde,822,2.1,1.5779733838059502,3.9600000000000004
sctde,823,5.1,3.3600595232822883,3.92
sctde,824,3.9,1.57797338380595,3.9600000000000004
sctde,825,3.2,3.3105890714493698,3.79
sctde,826,3.9,4.592385001282013,3.9600000000000004
sctde,827,3.5,2.247220505424423,3.99
sctde,828,4.3,2.0024984394500787,3.9100000000000006
sctde,829,4.8,2.7129319932501077,3.9000000000000004
sctde,830,3.5,2.3345235059857505,3.8100000000000005
sctde,831,4.0,2.792848008753788,3.83
sctde,832,3.8,1.6,4.000000000000001
sctde,833,3.9,3.144837038703278,3.8800000000000003
sctde,834,3.8,2.315167380558045,3.8699999999999997
sctde,835,3.7,3.3181320046074116,3.92
sctde,836,4.0,2.1908902300206643,3.93
sctde,837,3.4,2.8000000000000003,3.92
sctde,838,4.3,2.9681644159311658,3.92
sctde,839,4.6,3.0724582991474434,3.9
sctde,840,4.0,3.6606010435446255,3.9499999999999997
sctde,841,5.4,3.6932370625238775,4.09
sctde,842,5.2,1.5999999999999999,4.23
sctde,843,3.1,2.071231517720798,4.15
sctde,844,4.0,2.3664319132398464,4.17
sctde,845,4.0,2.3664319132398464,4.2
sctde,846,3.1,2.9816103031751147,4.109999999999999
sctde,847,3.4,2.1540659228538015,4.11
sctde,848,5.9,2.5865034312755126,4.27
sctde,849,3.6,2.1071307505705477,4.17
sctde,850,3.9,2.3,4.16
sctde,851,6.0,2.756809750418044,4.220000000000001
sctde,852,3.2,2.785677655436824,4.0200000000000005
sctde,853,3.3,2.3685438564654024,4.04
sctde,854,4.2,2.6,4.0600000000000005
sctde,855,5.9,2.118962010041709,4.25
sctde,856,6.9,1.8138357147217055,4.630000000000001
sctde,857,4.6,1.8,4.750000000000001
sctde,858,4.8,2.4413111231467406,4.640000000000001
sctde,859,4.2,2.227105745132009,4.7
sctde,860,3.7,2.6476404589747458,4.680000000000001
sctde,861,5.3,2.451530134426253,4.61
sctde,862,4.4,3.0066592756745814,4.73
sctde,863,3.8,2.7129319932501077,4.78
sctde,864,4.9,2.7367864366808017,4.8500000000000005
sctde,865,4.6,2.3323807579381204,4.72
sctde,866,4.4,2.5768197453450252,4.47
sctde,867,4.3,2.570992026436488,4.44
sctde,868,5.2,3.762977544445356,4.48
sctde,869,4.7,3.3778691508109078,4.53
sctde,870,6.0,1.7888543819998317,4.76
sctde,871,5.5,2.4186773244895647,4.78
sctde,872,3.4,1.8,4.680000000000001
sctde,873,6.6,3.1368774282716245,4.96
sctde,874,4.8,2.638181191654584,4.950000000000001
sctde,875,4.5,2.539685019840059,4.94
sctde,876,8.2,3.4583232931581165,5.320000000000001
sctde,877,4.7,3.1,5.36
sctde,878,5.9,2.773084924772409,5.43
sctde,879,3.6,2.9393876913398143,5.32
sctde,880,4.0,2.8284271247461903,5.120000000000001
sctde,881,4.1,3.080584360149873,4.980000000000001
sctde,882,4.7,3.2264531609803355,5.11
sctde,883,4.8,2.4,4.93
sctde,884,4.6,2.6907248094147422,4.91
sctde,885,5.8,2.0880613017821097,5.04
sctde,886,4.4,3.0724582991474434,4.660000000000001
sctde,887,5.7,3.606937759374287,4.760000000000001
sctde,888,4.5,2.3769728648009427,4.62
sctde,889,4.8,2.749545416973504,4.74
sctde,890,3.9,1.9209372712298547,4.7299999999999995
sctde,891,3.7,3.3778691508109078,4.69
sctde,892,4.6,2.615339366124404,4.680000000000001
sctde,893,5.3,2.934280150224242,4.73
sctde,894,5.4,1.9595917942265426,4.8100000000000005
sctde,895,4.9,1.7,4.720000000000001
sctde,896,6.0,3.40587727318528,4.880000000000001
sctde,897,4.4,2.1071307505705477,4.750000000000001
sctde,898,5.6,2.2,4.86
sctde,899,6.0,3.714835124201342,4.98
sctde,900,5.5,2.1563858652847827,5.14
sctde,901,4.5,2.6172504656604803,5.220000000000001
sctde,902,4.9,3.047950130825634,5.250000000000001
sctde,903,5.0,3.1937438845342623,5.220000000000001
sctde,904,5.6,3.6110940170535577,5.24
sctde,905,4.9,3.0149626863362675,5.24
sctde,906,5.4,3.49857113690718,5.180000000000001
sctde,907,6.4,1.5620499351813308,5.380000000000001
sctde,908,5.6,3.104834939252005,5.38
sctde,909,5.8,2.8213471959331766,5.36
sctde,910,5.6,2.3748684174075834,5.37
sctde,911,4.3,4.1,5.35
sctde,912,5.1,2.3430749027719964,5.369999999999999
sctde,913,4.6,2.4979991993593593,5.33
sctde,914,5.7,2.325940669922601,5.340000000000001
sctde,915,5.5,4.801041553663121,5.4
sctde,916,5.0,3.3763886032268267,5.36
sctde,917,4.5,3.138470965295043,5.17
sctde,918,5.6,1.9078784028338915,5.17
sctde,919,6.2,2.749545416973504,5.21
sctde,920,5.2,2.821347195933177,5.17
sctde,921,5.0,3.5496478698597698,5.24
sctde,922,5.3,2.9681644159311658,5.260000000000001
sctde,923,4.4,2.65329983228432,5.240000000000001
sctde,924,4.3,4.026164427839479,5.1000000000000005
sctde,925,5.4,2.4979991993593593,5.09
sctde,926,6.6,2.6153393661244038,5.250000000000001
sctde,927,5.6,2.65329983228432,5.36
sctde,928,5.5,2.4186773244895647,5.35
sctde,929,6.5,3.2015621187164243,5.380000000000001
sctde,930,5.8,3.2802438933713454,5.440000000000001
sctde,931,4.0,3.3466401061363023,5.340000000000001
sctde,932,4.6,2.764054992217051,5.2700000000000005
sctde,933,4.7,2.6476404589747453,5.3
sctde,934,7.1,3.419064199455751,5.58
sctde,935,5.4,2.8354893757515653,5.58
sctde,936,5.5,1.746424919657298,5.47
sctde,937,5.2,2.2271057451320093,5.43
sctde,938,5.7,4.050925820105819,5.450000000000001
sctde,939,5.3,2.968164415931166,5.330000000000001
sctde,940,6.5,2.9068883707497264,5.4
sctde,941,6.8,3.124099870362662,5.68
sctde,942,4.5,2.692582403567252,5.670000000000001
sctde,943,4.3,3.8742741255621027,5.630000000000001
sctde,944,6.6,2.90516780926679,5.58
sctde,945,5.6,2.835489375751565,5.6
sctde,946,6.2,3.1874754901018454,5.67
sctde,947,6.2,1.8330302779823362,5.7700000000000005
sctde,948,6.2,3.3406586176980135,5.820000000000001
sctde,949,6.4,1.3564659966250536,5.9300000000000015
sctde,950,6.3,2.4515301344262523,5.910000000000001
sctde,951,5.7,2.7946377224964243,5.800000000000001
sctde,952,6.3,4.1,5.98
sctde,953,6.6,4.054626986542659,6.210000000000001
sctde,954,4.8,2.6381811916545836,6.030000000000001
sctde,955,5.2,2.6758176320519302,5.99
sctde,956,5.1,2.0223748416156684,5.879999999999999
sctde,957,6.7,2.0518284528683193,5.93
sctde,958,7.3,3.2572994949804666,6.040000000000001
sctde,959,4.4,2.5377155080899043,5.840000000000001
sctde,960,4.8,2.1354156504062622,5.6899999999999995
sctde,961,4.7,3.034798181098704,5.589999999999999
sctde,962,6.3,2.282542442102666,5.59
sctde,963,6.5,2.3769728648009427,5.58
sctde,964,7.4,2.5377155080899043,5.840000000000001
sctde,965,4.2,3.280243893371345,5.74
sctde,966,6.1,3.7536648758246915,5.840000000000001
sctde,967,6.2,3.8157568056677826,5.79
sctde,968,5.8,3.0594117081556713,5.640000000000001
sctde,969,5.4,3.104834939252005,5.74
sctde,970,4.8,3.6,5.74
sctde,971,7.1,3.83275357934736,5.9799999999999995
sctde,972,5.1,2.6248809496813377,5.86
sctde,973,5.7,3.4073450074801643,5.78
sctde,974,5.7,3.4942810419312296,5.61
sctde,975,6.9,1.9209372712298547,5.880000000000001
sctde,976,6.7,2.531797780234433,5.940000000000001
sctde,977,6.2,3.2802438933713454,5.940000000000001
sctde,978,6.2,3.4292856398964497,5.980000000000001
sctde,979,5.9,3.5623026261113755,6.03
sctde,980,7.1,2.467792535850613,6.26
sctde,981,5.6,2.2891046284519194,6.109999999999999
sctde,982,9.0,3.63318042491699,6.5
sctde,983,5.0,2.4899799195977463,6.430000000000001
sctde,984,4.2,4.48998886412873,6.28
sctde,985,6.4,3.8522720568516444,6.23
sctde,986,4.8,2.2715633383201093,6.040000000000001
sctde,987,5.7,2.7946377224964243,5.99
sctde,988,6.9,3.8065732621348563,6.060000000000001
sctde,989,5.6,3.104834939252005,6.03
sctde,990,6.2,4.069397989875161,5.94
sctde,991,6.8,2.481934729198171,6.06
sctde,992,5.6,2.4166091947189146,5.72
sctde,993,6.6,2.939387691339814,5.88
sctde,994,6.7,4.172529209005013,6.13
sctde,995,7.0,4.538722287164087,6.19
sctde,996,5.8,1.7776388834631178,6.290000000000001
sctde,997,6.2,3.7094473981982814,6.340000000000001
sctde,998,7.1,3.505709628591621,6.36
sctde,999,5.4,3.4409301068170506,6.340000000000001
sctde,1000,5.7,3.163858403911275,6.290000000000001
sctde,1001,4.6,3.52703841770968,6.07
sctde,1002,7.4,3.903844259188627,6.250000000000001
sctde,1003,6.0,4.147288270665544,6.190000000000001
sctde,1004,6.6,2.690724809414742,6.1800000000000015
sctde,1005,7.6,2.537715508089904,6.24
sctde,1006,5.9,2.8442925306655784,6.25
sctde,1007,6.5,5.024937810560445,6.28
sctde,1008,5.9,3.23882694814033,6.16
sctde,1009,6.3,2.2825424421026654,6.25
sctde,1010,5.8,3.4,6.260000000000001
sctde,1011,7.2,3.124099870362662,6.5200000000000005
sctde,1012,7.4,4.1521078984053394,6.5200000000000005
sctde,1013,7.4,4.079215610874228,6.66
sctde,1014,6.1,2.7730849247724096,6.61
sctde,1015,6.3,2.147091055358389,6.480000000000001
sctde,1016,7.2,3.893584466786357,6.61
sctde,1017,6.2,2.993325909419153,6.580000000000001
sctde,1018,7.9,2.9816103031751147,6.78
sctde,1019,5.6,3.3823069050575527,6.71
sctde,1020,6.9,3.8845849199110063,6.82
sctde,1021,6.5,3.2939338184001206,6.750000000000001
sctde,1022,5.9,3.477067730142742,6.6000000000000005
sctde,1023,6.8,2.2715633383201093,6.54
sctde,1024,6.1,2.0223748416156684,6.540000000000001
sctde,1025,7.0,3.9496835316262997,6.61
sctde,1026,6.7,3.5227829907617076,6.5600000000000005
sctde,1027,8.5,2.9068883707497264,6.790000000000001
sctde,1028,6.8,3.8678159211627436,6.68
sctde,1029,7.5,2.8372521918222215,6.870000000000001
sctde,1030,6.8,3.7094473981982814,6.859999999999999
sctde,1031,8.4,3.2619012860600183,7.049999999999999
sctde,1032,7.5,3.0740852297878796,7.21
sctde,1033,7.7,3.4655446902326914,7.299999999999999
sctde,1034,7.5,3.774917217635375,7.4399999999999995
sctde,1035,6.9,3.3600595232822887,7.430000000000001
sctde,1036,6.5,3.3541019662496847,7.410000000000001
sctde,1037,7.8,3.627671429443411,7.340000000000002
sctde,1038,8.7,3.0347981810987035,7.530000000000002
sctde,1039,7.6,5.10294032886923,7.540000000000001
sctde,1040,6.5,3.3241540277189325,7.510000000000001
sctde,1041,8.3,2.72213151776324,7.5
sctde,1042,7.1,3.726929030716845,7.46
sctde,1043,7.4,4.454211490264018,7.430000000000001
sctde,1044,7.1,4.011234224026316,7.390000000000001
sctde,1045,7.7,4.172529209005013,7.470000000000001
sctde,1046,7.5,4.129164564412516,7.57
sctde,1047,5.6,3.49857113690718,7.349999999999999
sctde,1048,7.9,2.3,7.27
sctde,1049,7.6,3.4409301068170506,7.27
sctde,1050,7.5,3.138470965295043,7.369999999999999
sctde,1051,6.4,4.673328578219169,7.18
sctde,1052,7.1,4.3,7.180000000000001
sctde,1053,6.4,3.2924155266308657,7.08
sctde,1054,7.1,2.4677925358506134,7.079999999999999
sctde,1055,6.6,3.2310988842807027,6.97
sctde,1056,6.7,2.9,6.8900000000000015
sctde,1057,7.3,3.716180835212409,7.0600000000000005
sctde,1058,7.3,2.451530134426253,7.000000000000002
sctde,1059,7.7,2.8301943396169813,7.01
sctde,1060,7.6,3.8781438859330635,7.02
sctde,1061,6.8,3.54400902933387,7.059999999999999
sctde,1062,8.8,3.2186953878862163,7.2299999999999995
sctde,1063,7.7,2.9681644159311658,7.359999999999999
sctde,1064,5.4,2.727636339397171,7.19
sctde,1065,8.4,4.431703961232068,7.37
sctde,1066,6.6,3.6660605559646724,7.36
sctde,1067,7.0,3.286335345030997,7.33
sctde,1068,9.0,4.516635916254486,7.500000000000001
sctde,1069,7.7,4.075536774462966,7.500000000000002
sctde,1070,6.9,2.879236009777594,7.430000000000001
sctde,1071,7.8,3.682390527904394,7.530000000000001
sctde,1072,6.2,2.08806130178211,7.270000000000002
sctde,1073,9.5,3.0740852297878796,7.450000000000001
sctde,1074,10.0,3.63318042491699,7.910000000000001
sctde,1075,7.7,2.451530134426253,7.84
sctde,1076,8.0,4.1952353926806065,7.9799999999999995
sctde,1077,7.3,3.1638584039112754,8.01
sctde,1078,9.1,2.9137604568666933,8.02
sctde,1079,7.1,2.9137604568666933,7.96
sctde,1080,8.7,3.348133808556641,8.14
sctde,1081,8.3,5.060632371551998,8.190000000000001
sctde,1082,8.3,4.960846701924985,8.4
sctde,1083,7.0,2.23606797749979,8.15
sctde,1084,7.3,2.9,7.880000000000001
sctde,1085,7.2,3.4292856398964497,7.829999999999999
sctde,1086,8.0,4.626013402488151,7.83
sctde,1087,8.5,5.200961449578338,7.949999999999999
sctde,1088,8.4,4.673328578219169,7.879999999999999
sctde,1089,8.4,2.2891046284519194,8.01
sctde,1090,7.1,3.6999999999999997,7.8500000000000005
sctde,1091,7.8,2.6,7.800000000000001
sctde,1092,9.0,4.58257569495584,7.870000000000001
sctde,1093,8.4,3.4409301068170506,8.010000000000002
sctde,1094,8.1,3.858756276314947,8.09
sctde,1095,8.5,3.6945906403822333,8.22
sctde,1096,9.1,3.1128764832546763,8.33
sctde,1097,8.6,4.431703961232068,8.34
sctde,1098,8.2,4.975942121849891,8.32
sctde,1099,7.2,3.627671429443411,8.200000000000001
sctde,1100,7.7,4.561797891182818,8.260000000000002
sctde,1101,8.0,3.521363372331802,8.280000000000001
sctde,1102,9.7,3.7429934544425802,8.35
sctde,1103,8.6,3.2,8.37
sctde,1104,9.9,4.4147480109288235,8.549999999999999
sctde,1105,8.0,3.9496835316262997,8.5
sctde,1106,7.8,4.621688003316537,8.37
sctde,1107,7.5,2.9410882339705484,8.260000000000002
sctde,1108,9.3,3.0675723300355937,8.370000000000001
sctde,1109,9.4,3.638681079732051,8.59
sctde,1110,9.2,3.0919249667480613,8.740000000000002
sctde,1111,8.8,2.891366458960192,8.82
sctde,1112,7.3,3.661966684720111,8.580000000000002
sctde,1113,8.0,3.40587727318528,8.520000000000001
sctde,1114,7.7,4.428317965096906,8.3
sctde,1115,9.6,4.651881339845203,8.46
sctde,1116,9.7,3.689173349139344,8.65
sctde,1117,7.5,2.6172504656604803,8.65
sctde,1118,8.8,4.467661580737736,8.600000000000001
sctde,1119,7.5,4.129164564412516,8.41
sctde,1120,9.4,3.1368774282716245,8.43
sctde,1121,9.3,3.407345007480164,8.48
sctde,1122,8.0,3.82099463490856,8.55
sctde,1123,9.5,2.8722813232690143,8.700000000000001
sctde,1124,10.1,4.346262762420146,8.94
sctde,1125,10.3,3.4365680554879163,9.01
sctde,1126,9.4,3.3823069050575527,8.979999999999999
sctde,1127,8.5,3.8275318418009276,9.08
sctde,1128,9.7,3.8483762809787714,9.170000000000002
sctde,1129,9.5,3.774917217635375,9.370000000000001
sctde,1130,8.7,2.6476404589747453,9.3
sctde,1131,9.6,3.3823069050575527,9.329999999999998
sctde,1132,10.1,3.9610604640676716,9.540000000000001
sctde,1133,6.8,3.3704599092705436,9.27
sctde,1134,8.8,4.512205669071391,9.14
sctde,1135,8.4,3.32264954516723,8.95
sctde,1136,7.5,3.2939338184001206,8.76
sctde,1137,7.3,3.716180835212409,8.639999999999999
sctde,1138,8.8,3.1874754901018454,8.55
sctde,1139,9.5,3.6674241641784495,8.55
sctde,1140,8.9,4.742362280551751,8.57
sctde,1141,8.6,3.7202150475476548,8.47
sctde,1142,9.0,2.6076809620810595,8.360000000000001
sctde,1143,9.3,2.3685438564654024,8.610000000000001
sctde,1144,10.7,3.5227829907617076,8.800000000000002
sctde,1145,8.0,3.5777087639996634,8.760000000000003
sctde,1146,10.6,3.2310988842807027,9.070000000000002
sctde,1147,8.4,1.4966629547095764,9.18
sctde,1148,8.0,3.1937438845342623,9.100000000000001
sctde,1149,9.5,3.1064449134018135,9.1
sctde,1150,8.9,2.1656407827707715,9.100000000000001
sctde,1151,10.5,4.2485291572496005,9.290000000000001
sctde,1152,7.9,3.014962686336267,9.18
sctde,1153,9.0,4.09878030638384,9.15
sctde,1154,9.1,2.7,8.99
sctde,1155,8.7,3.950949253027682,9.06
sctde,1156,10.2,5.30659966456864,9.02
sctde,1157,11.1,3.3600595232822883,9.290000000000001
sctde,1158,9.4,3.168595903550972,9.43
sctde,1159,7.8,2.785677655436824,9.26
sctde,1160,10.2,2.5612496949731396,9.39
sctde,1161,8.9,3.0805843601498726,9.230000000000002
sctde,1162,10.3,4.075536774462967,9.47
sctde,1163,10.4,4.5431266766402185,9.61
sctde,1164,9.9,4.369210454990696,9.690000000000001
sctde,1165,10.3,4.712748667179271,9.85
sctde,1166,9.3,3.318132004607412,9.76
sctde,1167,8.9,5.146843692983108,9.540000000000001
sctde,1168,10.0,3.3466401061363023,9.600000000000001
sctde,1169,9.6,3.5552777669262356,9.780000000000001
sctde,1170,10.9,4.0853396431631,9.850000000000001
sctde,1171,9.8,3.893584466786357,9.940000000000003
sctde,1172,10.7,4.920365840057018,9.98
sctde,1173,10.0,4.516635916254486,9.94
sctde,1174,11.6,4.363484845854286,10.110000000000001
sctde,1175,8.9,3.1764760348537187,9.97
sctde,1176,10.4,4.24735211631906,10.080000000000002
sctde,1177,9.2,4.069397989875161,10.110000000000001
sctde,1178,10.0,4.1952353926806065,10.110000000000001
sctde,1179,10.3,3.0347981810987035,10.180000000000001
sctde,1180,11.1,4.182104733265297,10.199999999999998
sctde,1181,10.3,3.7960505792204615,10.25
sctde,1182,10.8,3.4583232931581165,10.26
sctde,1183,10.3,4.473253849269008,10.29
sctde,1184,9.7,5.292447448959697,10.100000000000001
sctde,1185,10.3,5.020956084253277,10.24
sctde,1186,10.6,3.5552777669262356,10.260000000000002
sctde,1187,9.4,2.727636339397171,10.280000000000001
sctde,1188,10.5,3.6124783736376886,10.33
sctde,1189,10.5,3.2015621187164243,10.350000000000001
sctde,1190,11.8,3.2186953878862163,10.420000000000002
sctde,1191,8.8,3.7094473981982814,10.270000000000001
sctde,1192,10.1,2.3000000000000003,10.200000000000001
sctde,1193,10.5,4.177319714841085,10.22
sctde,1194,12.0,3.3763886032268267,10.450000000000003
sctde,1195,11.3,3.661966684720111,10.549999999999999
sctde,1196,11.8,3.0919249667480613,10.67
sctde,1197,11.7,3.0999999999999996,10.9
sctde,1198,10.9,3.3600595232822883,10.94
sctde,1199,10.1,4.72122865364515,10.9
sctde,1200,9.5,4.695742752749559,10.67
sctde,1201,10.2,3.5721142198983507,10.809999999999999
sctde,1202,10.7,3.874274125562103,10.87
sctde,1203,10.4,2.4979991993593593,10.86
sctde,1204,9.8,4.707440918375928,10.64
sctde,1205,12.3,4.196427051671457,10.740000000000002
sctde,1206,10.5,5.06458290484024,10.610000000000001
sctde,1207,10.7,5.8999999999999995,10.510000000000002
sctde,1208,11.2,4.422668877499196,10.540000000000001
sctde,1209,11.2,2.8913664589601926,10.649999999999999
sctde,1210,10.2,3.059411708155671,10.719999999999999
sctde,1211,10.9,3.986226285598949,10.79
sctde,1212,12.1,4.346262762420146,10.93
sctde,1213,9.9,2.6999999999999997,10.88
sctde,1214,11.1,4.253234063627348,11.01
sctde,1215,11.0,3.492849839314596,10.879999999999999
sctde,1216,9.6,3.3823069050575527,10.79
sctde,1217,10.5,4.674398357008098,10.77
sctde,1218,10.6,4.054626986542659,10.710000000000003
sctde,1219,11.1,3.7,10.700000000000001
sctde,1220,11.9,4.482186966202994,10.87
sctde,1221,11.4,4.294182110716778,10.92
sctde,1222,10.8,4.237924020083418,10.790000000000001
sctde,1223,10.5,4.318564576337836,10.850000000000001
sctde,1224,10.8,4.4,10.820000000000002
sctde,1225,11.8,2.7129319932501073,10.9
sctde,1226,11.3,4.050925820105819,11.070000000000002
sctde,1227,14.4,3.7202150475476548,11.46
sctde,1228,12.8,4.166533331199932,11.68
sctde,1229,13.7,4.001249804748512,11.940000000000001
sctde,1230,11.2,3.5156791662493894,11.870000000000003
sctde,1231,12.6,4.17612260356422,11.990000000000002
sctde,1232,12.7,2.0518284528683193,12.18
sctde,1233,12.1,3.5623026261113755,12.34
sctde,1234,11.5,3.442382895611701,12.410000000000002
sctde,1235,8.9,3.1128764832546763,12.120000000000003
sctde,1236,11.0,4.9396356140913875,12.09
sctde,1237,12.1,2.022374841615669,11.86
sctde,1238,10.9,5.028916384272063,11.669999999999998
sctde,1239,11.7,3.9255572852781047,11.47
sctde,1240,11.2,4.556314299957807,11.469999999999999
sctde,1241,9.9,4.635730794599704,11.2
sctde,1242,11.6,5.4258639865002145,11.09
sctde,1243,13.2,3.4871191548325386,11.2
sctde,1244,12.3,5.177837386399847,11.280000000000001
sctde,1245,10.8,4.512205669071391,11.47
sctde,1246,11.8,5.2497618993626745,11.55
sctde,1247,11.0,5.966573556070519,11.44
sctde,1248,11.3,4.73392015141785,11.48
sctde,1249,12.0,5.272570530585627,11.510000000000002
sctde,1250,12.7,5.158488150611572,11.66
sctde,1251,11.8,5.035871324805669,11.850000000000001
sctde,1252,13.2,4.48998886412873,12.01
sctde,1253,12.5,4.4777226354476225,11.940000000000001
sctde,1254,12.8,3.2802438933713454,11.990000000000002
sctde,1255,12.2,4.1424630354415966,12.13
sctde,1256,9.1,3.5057096285916205,11.860000000000001
sctde,1257,12.5,5.481788029466299,12.010000000000002
sctde,1258,12.6,3.6386810797320503,12.14
sctde,1259,12.1,3.4481879299133333,12.149999999999999
sctde,1260,10.5,3.9560080889704965,11.93
sctde,1261,11.3,5.496362433464518,11.88
sctde,1262,12.3,3.950949253027682,11.790000000000001
sctde,1263,12.1,3.3000000000000003,11.75
sctde,1264,11.9,3.477067730142742,11.659999999999998
sctde,1265,12.2,3.2186953878862163,11.66
sctde,1266,12.0,4.147288270665544,11.95
sctde,1267,12.2,3.340658617698013,11.92
sctde,1268,12.6,5.782732917920384,11.920000000000002
sctde,1269,12.9,5.593746508378798,12.0
sctde,1270,10.8,3.515679166249389,12.03
sctde,1271,12.6,3.8781438859330635,12.16
sctde,1272,12.8,4.019950248448356,12.21
sctde,1273,13.0,5.291502622129181,12.3
sctde,1274,13.5,5.6258332716140815,12.459999999999999
sctde,1275,11.7,3.848376280978772,12.41
sctde,1276,11.4,3.32264954516723,12.35
sctde,1277,12.3,3.6345563690772495,12.360000000000001
sctde,1278,11.2,4.093897898091744,12.22
sctde,1279,12.2,3.124099870362662,12.15
sctde,1280,12.5,5.044799302251775,12.32
sctde,1281,12.4,5.0039984012787215,12.3
sctde,1282,11.7,2.6851443164195103,12.190000000000001
sctde,1283,12.0,3.0659419433511785,12.09
sctde,1284,11.0,3.794733192202055,11.840000000000002
sctde,1285,12.0,4.8373546489791295,11.870000000000001
sctde,1286,11.3,3.348133808556641,11.860000000000001
sctde,1287,13.8,3.6000000000000005,12.010000000000002
sctde,1288,11.7,3.0016662039607267,12.06
sctde,1289,13.6,2.244994432064365,12.200000000000001
sctde,1290,13.4,3.7202150475476548,12.290000000000001
sctde,1291,11.9,4.253234063627348,12.239999999999998
sctde,1292,13.1,3.5341194094144583,12.38
sctde,1293,12.4,3.4409301068170506,12.420000000000002
sctde,1294,11.7,3.7161808352124095,12.49
sctde,1295,13.1,4.0853396431631,12.600000000000001
sctde,1296,13.5,4.674398357008098,12.82
sctde,1297,12.5,2.6172504656604803,12.690000000000001
sctde,1298,12.6,3.8,12.780000000000001
sctde,1299,12.8,3.6000000000000005,12.7
sctde,1300,13.4,4.363484845854286,12.7
sctde,1301,12.0,4.538722287164087,12.71
sctde,1302,12.3,3.348133808556641,12.629999999999999
sctde,1303,11.9,4.346262762420146,12.58
sctde,1304,11.6,4.363484845854286,12.57
sctde,1305,14.5,3.8013155617496426,12.71
sctde,1306,14.4,2.8354893757515653,12.799999999999999
sctde,1307,14.9,4.158124577258358,13.04
sctde,1308,12.7,3.769615364994153,13.05
sctde,1309,12.1,3.78021163428716,12.98
sctde,1310,13.6,3.6110940170535577,13.0
sctde,1311,12.1,6.236184731067546,13.010000000000002
sctde,1312,12.6,2.4979991993593593,13.040000000000001
sctde,1313,12.4,2.8000000000000003,13.09
sctde,1314,13.0,2.9664793948382653,13.23
sctde,1315,13.3,5.78013840664737,13.110000000000003
sctde,1316,14.2,4.069397989875161,13.09
sctde,1317,14.4,3.0724582991474434,13.04
sctde,1318,13.5,3.170173496829472,13.12
sctde,1319,13.8,2.9933259094191533,13.290000000000001
sctde,1320,13.4,4.127953488110059,13.27
sctde,1321,12.9,5.223983154643591,13.350000000000001
sctde,1322,13.9,4.011234224026317,13.48
sctde,1323,14.9,3.6728735344413916,13.730000000000002
sctde,1324,13.1,5.028916384272063,13.740000000000002
sctde,1325,13.2,2.85657137141714,13.730000000000002
sctde,1326,12.2,3.6,13.530000000000001
sctde,1327,13.1,2.467792535850613,13.400000000000002
sctde,1328,12.0,3.9749213828703582,13.250000000000004
sctde,1329,13.8,2.6,13.250000000000002
sctde,1330,13.8,2.7129319932501077,13.290000000000003
sctde,1331,14.1,4.39203825119955,13.410000000000004
sctde,1332,13.1,5.18555686498567,13.330000000000002
sctde,1333,14.1,4.570557952810575,13.250000000000002
sctde,1334,13.8,4.512205669071391,13.320000000000002
sctde,1335,13.3,4.450842616853578,13.330000000000002
sctde,1336,13.9,2.118962010041709,13.500000000000002
sctde,1337,15.5,4.904079934095692,13.740000000000002
sctde,1338,13.8,3.2186953878862163,13.920000000000003
sctde,1339,13.4,3.4698703145794947,13.88
sctde,1340,13.4,4.565084884205331,13.840000000000002
sctde,1341,12.6,2.3323807579381204,13.690000000000001
sctde,1342,13.3,4.026164427839479,13.709999999999999
sctde,1343,14.7,3.257299494980466,13.77
sctde,1344,12.9,4.1340053217188775,13.68
sctde,1345,13.8,3.4,13.730000000000002
sctde,1346,14.8,4.354308211415448,13.820000000000002
sctde,1347,14.6,4.340506882842141,13.73
sctde,1348,14.0,4.898979485566356,13.750000000000002
sctde,1349,13.6,3.4409301068170506,13.770000000000001
sctde,1350,11.8,3.6551333764994136,13.609999999999998
sctde,1351,14.0,3.6606010435446255,13.75
sctde,1352,15.4,3.9293765408777,13.96
sctde,1353,15.0,4.604345773288535,13.990000000000002
sctde,1354,14.5,5.6258332716140815,14.150000000000002
sctde,1355,14.8,3.1240998703626617,14.25
sctde,1356,14.1,2.507987240796891,14.18
sctde,1357,14.9,4.437341546466758,14.210000000000003
sctde,1358,11.5,5.06458290484024,13.96
sctde,1359,12.2,4.512205669071391,13.820000000000002
sctde,1360,13.8,3.026549190084311,14.020000000000003
sctde,1361,14.4,3.352610922848042,14.060000000000002
sctde,1362,14.6,3.5832945734337835,13.98
sctde,1363,15.2,4.069397989875161,14.0
sctde,1364,16.1,4.060788100849391,14.16
sctde,1365,12.8,5.381449618829484,13.96
sctde,1366,14.1,4.158124577258358,13.96
sctde,1367,14.9,3.726929030716845,13.960000000000003
sctde,1368,12.0,3.286335345030997,14.010000000000002
sctde,1369,13.1,2.3430749027719964,14.100000000000003
sctde,1370,13.2,3.682390527904394,14.040000000000001
sctde,1371,14.3,3.3481338085566414,14.03
sctde,1372,12.4,4.223742416388575,13.810000000000002
sctde,1373,14.4,3.8262252939417984,13.73
sctde,1374,15.6,3.352610922848042,13.680000000000001
sctde,1375,12.2,3.280243893371345,13.620000000000001
sctde,1376,15.3,3.2572994949804657,13.740000000000002
sctde,1377,14.1,5.18555686498567,13.66
sctde,1378,14.7,4.267317658670374,13.930000000000001
sctde,1379,15.7,5.1,14.190000000000003
sctde,1380,13.2,4.1182520563948,14.190000000000001
sctde,1381,15.6,2.4576411454889016,14.320000000000002
sctde,1382,16.1,4.4821869662029945,14.690000000000001
sctde,1383,13.8,5.075431016179808,14.63
sctde,1384,15.5,3.3241540277189325,14.620000000000003
sctde,1385,15.0,4.449719092257398,14.900000000000004
sctde,1386,16.3,4.517742799230606,15.000000000000004
sctde,1387,14.8,3.682390527904394,15.070000000000002
sctde,1388,12.3,3.2264531609803355,14.830000000000002
sctde,1389,14.9,2.947880594596735,14.750000000000002
sctde,1390,15.5,2.7658633371878665,14.980000000000002
sctde,1391,15.3,3.606937759374287,14.950000000000003
sctde,1392,15.0,3.872983346207417,14.84
sctde,1393,13.8,2.9933259094191533,14.840000000000002
sctde,1394,14.9,4.948737212663449,14.780000000000001
sctde,1395,15.5,3.640054944640259,14.830000000000002
sctde,1396,14.5,4.588027898781785,14.650000000000002
sctde,1397,15.1,4.060788100849391,14.680000000000001
sctde,1398,16.0,3.22490309931942,15.05
sctde,1399,14.0,4.69041575982343,14.959999999999999
sctde,1400,16.5,6.264982043070834,15.06
sctde,1401,15.2,3.370459909270544,15.05
sctde,1402,15.0,3.5777087639996634,15.05
sctde,1403,17.1,3.6180105030251086,15.38
sctde,1404,17.8,2.785677655436824,15.670000000000002
sctde,1405,15.0,4.6475800154489,15.620000000000001
sctde,1406,15.4,4.363484845854286,15.71
sctde,1407,14.2,5.1536394906900505,15.62
sctde,1408,14.1,5.243090691567332,15.430000000000001
sctde,1409,15.3,3.6891733491393435,15.559999999999999
sctde,1410,14.8,2.7856776554368237,15.39
sctde,1411,14.3,4.69148164229596,15.3
sctde,1412,16.0,3.3166247903554,15.4
sctde,1413,16.2,3.762977544445356,15.309999999999999
sctde,1414,16.1,4.763402145525822,15.14
sctde,1415,16.5,4.341658669218482,15.290000000000001
sctde,1416,15.6,4.2,15.310000000000002
sctde,1417,16.0,4.147288270665544,15.49
sctde,1418,13.9,4.253234063627347,15.470000000000002
sctde,1419,15.0,2.8284271247461903,15.440000000000001
sctde,1420,14.1,4.437341546466758,15.370000000000001
sctde,1421,15.2,4.354308211415448,15.46
sctde,1422,15.6,4.2708313008125245,15.420000000000002
sctde,1423,15.6,3.4985711369071804,15.360000000000001
sctde,1424,14.3,2.7946377224964243,15.180000000000001
sctde,1425,16.6,4.24735211631906,15.190000000000001
sctde,1426,16.0,2.3664319132398464,15.23
sctde,1427,15.5,4.455333881989093,15.180000000000001
sctde,1428,16.2,3.0919249667480613,15.41
sctde,1429,15.4,1.624807680927192,15.45
sctde,1430,16.0,2.6076809620810595,15.639999999999999
sctde,1431,15.5,3.170173496829472,15.67
sctde,1432,17.6,2.537715508089904,15.870000000000001
sctde,1433,16.5,3.3241540277189325,15.96
sctde,1434,16.2,3.944616584663204,16.150000000000002
sctde,1435,14.5,3.5846896657869842,15.940000000000001
sctde,1436,15.1,3.7,15.85
sctde,1437,15.2,3.8935844667863564,15.819999999999999
sctde,1438,15.8,2.6,15.780000000000001
sctde,1439,15.8,2.6758176320519307,15.819999999999999
sctde,1440,16.5,4.129164564412516,15.870000000000001
sctde,1441,16.7,2.0024984394500787,15.99
sctde,1442,17.4,3.97994974842648,15.97
sctde,1443,15.4,3.8781438859330635,15.86
sctde,1444,16.4,4.317406628984581,15.880000000000003
sctde,1445,16.6,3.261901286060018,16.090000000000003
sctde,1446,15.7,5.158488150611572,16.150000000000002
sctde,1447,15.7,3.716180835212409,16.200000000000003
sctde,1448,15.9,3.8845849199110067,16.21
sctde,1449,14.7,3.1,16.1
sctde,1450,17.8,3.340658617698013,16.23
sctde,1451,17.0,3.5496478698597698,16.26
sctde,1452,15.7,5.273518749374083,16.09
sctde,1453,16.4,4.17612260356422,16.19
sctde,1454,16.9,4.346262762420146,16.240000000000002
sctde,1455,15.6,3.6932370625238775,16.14
sctde,1456,16.7,3.1638584039112754,16.240000000000002
sctde,1457,17.6,3.352610922848042,16.43
sctde,1458,16.0,4.09878030638384,16.44
sctde,1459,16.1,5.088221693283421,16.580000000000002
sctde,1460,16.1,3.3301651610693423,16.41
sctde,1461,17.6,2.8705400188814645,16.470000000000002
sctde,1462,15.2,4.48998886412873,16.42
sctde,1463,16.5,2.9068883707497264,16.43
sctde,1464,15.4,4.7791212581394085,16.279999999999998
sctde,1465,15.4,3.903844259188627,16.259999999999998
sctde,1466,17.1,2.3853720883753127,16.3
sctde,1467,16.7,3.0675723300355937,16.21
sctde,1468,16.5,3.8794329482541645,16.26
sctde,1469,15.2,3.9698866482558417,16.17
sctde,1470,17.2,3.4583232931581165,16.28
sctde,1471,14.7,3.606937759374287,15.99
sctde,1472,18.4,5.063595560468865,16.310000000000002
sctde,1473,18.0,3.6606010435446255,16.46
sctde,1474,17.0,3.3466401061363023,16.62
sctde,1475,16.7,3.606937759374287,16.75
sctde,1476,15.8,3.9698866482558417,16.62
sctde,1477,16.6,2.727636339397171,16.61
sctde,1478,16.1,4.784349485562275,16.57
sctde,1479,16.5,4.153311931459037,16.7
sctde,1480,16.8,4.308131845707604,16.660000000000004
sctde,1481,17.8,4.728636167014756,16.97
sctde,1482,16.6,2.727636339397171,16.79
sctde,1483,17.5,3.556683848755748,16.740000000000002
sctde,1484,16.8,2.9933259094191533,16.72
sctde,1485,16.1,2.071231517720798,16.66
sctde,1486,17.4,4.152107898405339,16.82
sctde,1487,15.2,5.81033561853358,16.680000000000003
sctde,1488,17.2,4.166533331199932,16.79
sctde,1489,16.8,3.7894590642992836,16.82
sctde,1490,17.1,4.158124577258358,16.85
sctde,1491,15.8,3.4583232931581165,16.65
sctde,1492,16.0,4.8166378315169185,16.590000000000003
sctde,1493,16.9,3.2078029864690882,16.53
sctde,1494,15.3,3.8223029707232783,16.380000000000003
sctde,1495,18.7,3.551056180912941,16.64
sctde,1496,16.3,4.627094120503711,16.53
sctde,1497,16.8,1.8330302779823358,16.690000000000005
sctde,1498,16.1,4.657252408878007,16.580000000000002
sctde,1499,16.2,3.655133376499413,16.520000000000003
sctde,1500,18.3,3.132091952673165,16.64
sctde,1501,17.4,3.746998799039039,16.8
sctde,1502,17.1,3.8845849199110063,16.910000000000004
sctde,1503,17.5,3.8275318418009276,16.970000000000002
sctde,1504,16.7,3.7429934544425802,17.11
sctde,1505,17.3,4.290687590584987,16.970000000000002
sctde,1506,18.3,3.2572994949804666,17.17
sctde,1507,17.5,3.9812058474788765,17.240000000000002
sctde,1508,17.7,2.6476404589747453,17.400000000000002
sctde,1509,17.1,3.0149626863362675,17.49
sctde,1510,17.6,4.565084884205331,17.42
sctde,1511,17.4,4.1036569057366385,17.42
sctde,1512,17.4,2.9393876913398134,17.45
sctde,1513,16.1,3.753664875824692,17.310000000000002
sctde,1514,16.2,3.54400902933387,17.26
sctde,1515,17.3,2.6476404589747453,17.26
sctde,1516,19.1,3.047950130825634,17.340000000000003
sctde,1517,17.3,4.648655719667784,17.320000000000004
sctde,1518,17.8,3.3105890714493698,17.330000000000005
sctde,1519,18.1,3.3000000000000003,17.43
sctde,1520,17.6,3.49857113690718,17.43
sctde,1521,16.6,3.6386810797320503,17.35
sctde,1522,17.0,3.4351128074635335,17.310000000000002
sctde,1523,18.5,3.930648801406709,17.550000000000004
sctde,1524,17.8,2.1354156504062622,17.71
sctde,1525,19.1,3.5902646142032486,17.89
sctde,1526,16.1,3.2078029864690882,17.59
sctde,1527,19.9,2.3,17.849999999999998
sctde,1528,17.7,2.282542442102666,17.84
sctde,1529,16.9,2.981610303175115,17.720000000000002
sctde,1530,18.9,2.6248809496813372,17.85
sctde,1531,17.9,4.988987873306568,17.98
sctde,1532,17.3,4.495553358597805,18.01
sctde,1533,18.5,2.3769728648009427,18.01
sctde,1534,17.0,2.3664319132398464,17.930000000000003
sctde,1535,17.6,2.8,17.780000000000005
sctde,1536,18.0,2.898275349237888,17.970000000000002
sctde,1537,18.9,3.3600595232822887,17.869999999999997
sctde,1538,16.7,2.3685438564654024,17.770000000000003
sctde,1539,16.1,2.3430749027719964,17.69
sctde,1540,17.0,3.03315017762062,17.500000000000004
sctde,1541,16.1,4.3,17.32
sctde,1542,18.8,2.9257477676655586,17.47
sctde,1543,18.6,3.7735924528226414,17.48
sctde,1544,19.1,3.389690251335659,17.69
sctde,1545,18.5,3.6124783736376886,17.780000000000005
sctde,1546,18.6,3.8262252939417984,17.840000000000003
sctde,1547,16.6,2.973213749463701,17.610000000000003
sctde,1548,19.3,2.1,17.87
sctde,1549,18.6,3.3226495451672298,18.12
sctde,1550,19.1,4.948737212663449,18.330000000000002
sctde,1551,17.0,3.492849839314596,18.419999999999998
sctde,1552,18.5,2.8722813232690143,18.39
sctde,1553,19.2,2.2715633383201093,18.450000000000003
sctde,1554,16.0,4.711687595755898,18.14
sctde,1555,19.8,4.044749683231337,18.270000000000003
sctde,1556,17.8,2.0396078054371136,18.19
sctde,1557,18.5,3.9560080889704965,18.380000000000003
sctde,1558,17.9,4.635730794599704,18.240000000000002
sctde,1559,18.3,3.7960505792204615,18.21
sctde,1560,16.9,4.635730794599704,17.990000000000006
sctde,1561,18.9,2.8792360097775944,18.18
sctde,1562,18.2,3.3105890714493698,18.150000000000002
sctde,1563,18.2,3.249615361854384,18.05
sctde,1564,18.8,3.655133376499413,18.33
sctde,1565,18.3,3.3481338085566414,18.18
sctde,1566,18.3,3.579106033634656,18.230000000000004
sctde,1567,17.6,3.7202150475476548,18.140000000000004
sctde,1568,17.3,2.934280150224242,18.080000000000002
sctde,1569,20.2,4.331281565541543,18.27
sctde,1570,19.1,3.3896902513356584,18.490000000000002
sctde,1571,17.7,2.8653097563788807,18.37
sctde,1572,17.5,4.006245124802026,18.3
sctde,1573,18.0,3.714835124201342,18.28
sctde,1574,20.6,3.5270384177096794,18.459999999999997
sctde,1575,18.8,4.66476151587624,18.509999999999998
sctde,1576,18.8,2.3579652245103193,18.56
sctde,1577,18.8,3.249615361854384,18.68
sctde,1578,18.1,2.256102834535695,18.76
sctde,1579,18.0,3.3763886032268267,18.540000000000003
sctde,1580,19.4,3.104834939252004,18.570000000000004
sctde,1581,19.7,3.4365680554879168,18.77
sctde,1582,18.0,4.123105625617661,18.82
sctde,1583,18.6,3.0724582991474434,18.88
sctde,1584,18.1,3.7,18.630000000000003
sctde,1585,18.1,4.437341546466758,18.56
sctde,1586,19.7,2.758622844826744,18.650000000000002
sctde,1587,16.8,2.7129319932501073,18.45
sctde,1588,19.5,3.7483329627982624,18.590000000000003
sctde,1589,20.5,3.170173496829472,18.840000000000003
sctde,1590,19.3,4.050925820105819,18.830000000000002
sctde,1591,18.5,2.247220505424423,18.710000000000004
sctde,1592,19.2,2.0396078054371136,18.830000000000005
sctde,1593,18.7,4.196427051671457,18.840000000000003
sctde,1594,20.0,3.286335345030997,19.03
sctde,1595,18.4,2.835489375751565,19.06
sctde,1596,20.1,2.6248809496813377,19.1
sctde,1597,17.9,3.83275357934736,19.21
sctde,1598,19.3,2.9,19.19
sctde,1599,17.8,3.4292856398964493,18.92
sctde,1600,19.4,3.4409301068170506,18.930000000000003
sctde,1601,17.6,3.3226495451672298,18.840000000000003
sctde,1602,21.2,3.2186953878862163,19.040000000000003
sctde,1603,19.2,2.4,19.090000000000003
sctde,1604,17.9,3.047950130825634,18.880000000000003
sctde,1605,19.5,2.3345235059857505,18.990000000000002
sctde,1606,19.7,2.72213151776324,18.95
sctde,1607,20.1,2.1656407827707715,19.17
sctde,1608,19.5,3.774917217635375,19.189999999999998
sctde,1609,18.3,2.7586228448267445,19.240000000000002
sctde,1610,19.3,2.72213151776324,19.230000000000004
sctde,1611,18.9,1.8681541692269403,19.360000000000003
sctde,1612,18.3,3.1,19.07
sctde,1613,17.9,2.6248809496813377,18.94
sctde,1614,19.7,3.49428104193123,19.12
sctde,1615,18.8,3.789459064299283,19.05
sctde,1616,18.8,3.026549190084311,18.96
sctde,1617,19.2,2.891366458960192,18.869999999999997
sctde,1618,20.7,2.5709920264364885,18.990000000000002
sctde,1619,19.1,2.118962010041709,19.07
sctde,1620,17.6,4.476605857119878,18.900000000000002
sctde,1621,19.6,4.029888335921977,18.970000000000002
sctde,1622,19.7,2.9,19.11
sctde,1623,18.2,3.5721142198983507,19.14
sctde,1624,20.2,1.5362291495737217,19.19
sctde,1625,19.1,3.5902646142032486,19.220000000000002
sctde,1626,19.1,1.9209372712298545,19.250000000000004
sctde,1627,19.2,4.874423042781576,19.25
sctde,1628,18.5,3.3241540277189325,19.03
sctde,1629,20.0,2.3664319132398464,19.12
sctde,1630,20.2,3.9191835884530852,19.38
sctde,1631,20.0,3.3166247903554,19.42
sctde,1632,19.4,3.6110940170535577,19.39
sctde,1633,20.8,3.026549190084311,19.65
sctde,1634,18.4,1.6852299546352718,19.47
sctde,1635,19.7,3.0347981810987035,19.529999999999998
sctde,1636,19.7,1.7349351572897471,19.589999999999996
sctde,1637,20.2,4.894895300208167,19.69
sctde,1638,19.3,3.2264531609803355,19.77
sctde,1639,21.3,2.193171219946131,19.9
sctde,1640,21.7,2.193171219946131,20.049999999999997
sctde,1641,19.2,3.0594117081556713,19.97
sctde,1642,20.6,2.6532998322843198,20.09
sctde,1643,21.1,2.981610303175115,20.119999999999997
sctde,1644,18.8,2.9933259094191533,20.16
sctde,1645,18.7,4.313930922024598,20.060000000000002
sctde,1646,20.9,2.8089143810376274,20.18
sctde,1647,19.8,3.5156791662493894,20.14
sctde,1648,19.2,2.638181191654584,20.130000000000003
sctde,1649,19.0,3.82099463490856,19.9
sctde,1650,18.7,3.976179070414209,19.6
sctde,1651,19.3,3.163858403911275,19.61
sctde,1652,20.0,1.4832396974191326,19.55
sctde,1653,19.0,2.4083189157584592,19.34
sctde,1654,19.5,4.410215414239989,19.409999999999997
sctde,1655,20.3,4.026164427839479,19.570000000000004
sctde,1656,19.0,2.569046515733026,19.380000000000003
sctde,1657,21.1,2.467792535850613,19.51
sctde,1658,19.2,3.5721142198983507,19.510000000000005
sctde,1659,20.3,2.9681644159311658,19.640000000000008
sctde,1660,20.0,3.22490309931942,19.77
sctde,1661,19.1,3.5902646142032486,19.75
sctde,1662,21.0,1.9493588689617927,19.85
sctde,1663,20.5,2.4186773244895647,20.000000000000004
sctde,1664,20.1,2.1656407827707715,20.060000000000006
sctde,1665,19.4,2.9393876913398134,19.970000000000002
sctde,1666,18.8,2.7856776554368237,19.950000000000003
sctde,1667,18.8,3.7094473981982814,19.72
sctde,1668,20.2,3.57211421989835,19.82
sctde,1669,18.5,2.247220505424423,19.640000000000004
sctde,1670,19.6,4.103656905736638,19.6
sctde,1671,20.5,2.539685019840059,19.740000000000002
sctde,1672,20.1,2.947880594596735,19.650000000000002
sctde,1673,19.1,2.3853720883753127,19.51
sctde,1674,20.2,3.249615361854384,19.52
sctde,1675,21.7,2.8301943396169813,19.75
sctde,1676,19.6,2.90516780926679,19.83
sctde,1677,21.1,2.3430749027719964,20.06
sctde,1678,21.0,3.7416573867739413,20.140000000000004
sctde,1679,20.7,3.551056180912941,20.360000000000003
sctde,1680,19.4,2.764054992217051,20.340000000000003
sctde,1681,18.4,2.8705400188814645,20.13
sctde,1682,21.2,2.8213471959331766,20.240000000000002
sctde,1683,21.2,4.512205669071391,20.450000000000003
sctde,1684,19.9,3.753664875824692,20.419999999999998
sctde,1685,20.3,3.001666203960727,20.28
sctde,1686,22.0,2.32379000772445,20.52
sctde,1687,20.8,2.315167380558045,20.490000000000002
sctde,1688,21.4,3.826225293941799,20.53
sctde,1689,19.0,2.6832815729997477,20.36
sctde,1690,20.7,3.4365680554879163,20.49
sctde,1691,21.2,3.187475490101846,20.770000000000003
sctde,1692,21.8,2.7856776554368237,20.830000000000002
sctde,1693,21.8,3.026549190084311,20.89
sctde,1694,19.3,2.72213151776324,20.830000000000002
sctde,1695,19.0,3.924283374069717,20.7
sctde,1696,20.3,2.5709920264364885,20.53
sctde,1697,20.5,3.8275318418009276,20.5
sctde,1698,21.2,3.0919249667480613,20.48
sctde,1699,17.9,4.5265881191025095,20.37
sctde,1700,21.1,2.5475478405713994,20.41
sctde,1701,21.9,2.118962010041709,20.480000000000004
sctde,1702,19.4,1.9078784028338915,20.240000000000002
sctde,1703,20.2,1.7776388834631176,20.080000000000002
sctde,1704,22.7,2.4919871588754225,20.419999999999998
sctde,1705,20.7,2.4919871588754225,20.59
sctde,1706,21.3,2.6095976701399777,20.689999999999998
sctde,1707,19.3,1.7349351572897471,20.569999999999997
sctde,1708,20.7,3.348133808556641,20.52
sctde,1709,21.3,2.9,20.86
sctde,1710,19.6,1.7435595774162693,20.71
sctde,1711,18.1,2.6999999999999997,20.330000000000002
sctde,1712,18.9,2.118962010041709,20.28
sctde,1713,22.1,2.50798724079689,20.470000000000002
sctde,1714,20.1,3.144837038703278,20.210000000000004
sctde,1715,20.7,2.282542442102666,20.210000000000004
sctde,1716,21.5,1.91049731745428,20.230000000000004
sctde,1717,21.5,3.4132096331752027,20.45
sctde,1718,20.5,3.263433774416144,20.43
sctde,1719,21.4,4.608687448721165,20.44
sctde,1720,20.2,2.821347195933177,20.5
sctde,1721,20.5,1.5652475842498528,20.740000000000002
sctde,1722,21.2,2.85657137141714,20.970000000000006
sctde,1723,18.1,2.3853720883753127,20.57
sctde,1724,21.5,4.129164564412516,20.709999999999997
sctde,1725,19.2,1.9899748742132397,20.559999999999995
sctde,1726,21.3,2.0024984394500787,20.540000000000003
sctde,1727,20.6,2.6532998322843198,20.450000000000003
sctde,1728,21.0,3.521363372331802,20.500000000000004
sctde,1729,20.5,1.4317821063276353,20.410000000000004
sctde,1730,20.9,3.014962686336267,20.480000000000004
sctde,1731,21.7,2.6476404589747453,20.6
sctde,1732,20.4,3.6110940170535573,20.520000000000003
sctde,1733,21.0,2.5298221281347035,20.810000000000002
sctde,1734,21.3,2.9,20.790000000000003
sctde,1735,22.4,3.411744421846396,21.11
sctde,1736,20.6,2.537715508089904,21.04
sctde,1737,22.0,2.8284271247461903,21.179999999999996
sctde,1738,21.3,2.72213151776324,21.21
sctde,1739,20.2,1.7204650534085253,21.18
sctde,1740,20.3,2.6851443164195103,21.12
sctde,1741,19.6,2.8,20.910000000000007
sctde,1742,19.4,3.49857113690718,20.810000000000002
sctde,1743,21.3,2.238302928559939,20.84
sctde,1744,23.6,1.9595917942265422,21.07
sctde,1745,22.5,2.1563858652847827,21.080000000000002
sctde,1746,21.0,2.4899799195977463,21.12
sctde,1747,19.7,3.4365680554879163,20.89
sctde,1748,20.0,2.1447610589527217,20.76
sctde,1749,21.2,2.6,20.860000000000003
sctde,1750,21.8,2.6,21.01
sctde,1751,19.6,4.199999999999999,21.01
sctde,1752,20.7,3.2878564445547194,21.14
sctde,1753,20.2,1.9899748742132397,21.03
sctde,1754,20.4,3.773592452822642,20.71
sctde,1755,20.4,3.1685959035509716,20.5
sctde,1756,20.9,3.78021163428716,20.49
sctde,1757,21.2,2.785677655436824,20.64
sctde,1758,20.9,2.808914381037628,20.73
sctde,1759,19.8,3.9698866482558417,20.59
sctde,1760,19.3,3.132091952673165,20.34
sctde,1761,20.8,2.181742422927143,20.46
sctde,1762,20.4,1.685229954635272,20.43
sctde,1763,21.3,1.676305461424021,20.539999999999996
sctde,1764,21.0,4.219004621945797,20.6
sctde,1765,23.9,2.5865034312755126,20.95
sctde,1766,21.0,2.792848008753788,20.960000000000004
sctde,1767,21.5,1.746424919657298,20.990000000000002
sctde,1768,21.8,2.2715633383201093,21.080000000000002
sctde,1769,22.4,2.4979991993593593,21.339999999999996
sctde,1770,21.7,1.9519221295943137,21.58
sctde,1771,21.0,3.03315017762062,21.6
sctde,1772,20.3,3.001666203960727,21.590000000000003
sctde,1773,22.8,2.891366458960192,21.740000000000002
sctde,1774,22.7,4.075536774462966,21.91
sctde,1775,21.2,3.7363083384538807,21.64
sctde,1776,20.8,4.166533331199932,21.620000000000005
sctde,1777,22.4,2.8,21.709999999999997
sctde,1778,21.6,2.835489375751565,21.689999999999998
sctde,1779,20.4,3.0724582991474434,21.49
sctde,1780,21.9,3.1128764832546763,21.51
sctde,1781,20.0,2.6832815729997477,21.41
sctde,1782,22.8,2.0396078054371136,21.660000000000004
sctde,1783,20.8,3.3105890714493698,21.46
sctde,1784,20.9,3.9102429592034307,21.279999999999998
sctde,1785,18.7,2.934280150224242,21.03
sctde,1786,21.0,2.3664319132398464,21.05
sctde,1787,19.7,1.7349351572897471,20.78
sctde,1788,22.8,2.6381811916545836,20.900000000000002
sctde,1789,21.6,1.9078784028338915,21.020000000000003
sctde,1790,21.2,3.0919249667480613,20.950000000000003
sctde,1791,22.6,3.352610922848042,21.210000000000004
sctde,1792,21.8,2.9257477676655586,21.110000000000003
sctde,1793,20.9,2.3853720883753127,21.120000000000005
sctde,1794,19.9,2.4269322199023193,21.02
sctde,1795,21.7,3.318132004607412,21.32
sctde,1796,21.0,4.0743097574926725,21.32
sctde,1797,21.2,1.8330302779823362,21.470000000000002
sctde,1798,21.1,4.4821869662029945,21.3
sctde,1799,21.2,3.893584466786357,21.26
sctde,1800,21.4,2.8705400188814645,21.28
sctde,1801,20.9,3.83275357934736,21.11
sctde,1802,20.6,2.8705400188814645,20.99
sctde,1803,21.2,1.5362291495737217,21.02
sctde,1804,21.5,3.4132096331752027,21.18
sctde,1805,21.0,2.23606797749979,21.110000000000003
sctde,1806,22.9,2.0223748416156684,21.3
sctde,1807,21.7,2.9,21.35
sctde,1808,21.1,3.0479501308256345,21.35
sctde,1809,22.1,4.182104733265296,21.439999999999998
sctde,1810,21.5,1.746424919657298,21.45
sctde,1811,20.9,2.7,21.45
sctde,1812,20.5,3.8794329482541645,21.44
sctde,1813,22.4,3.261901286060018,21.560000000000002
sctde,1814,21.8,3.124099870362662,21.59
sctde,1815,21.1,2.071231517720798,21.6
sctde,1816,21.5,3.170173496829472,21.46
sctde,1817,21.9,1.9209372712298547,21.48
sctde,1818,22.4,3.2310988842807022,21.61
sctde,1819,21.2,1.9390719429665315,21.52
sctde,1820,21.9,2.7367864366808017,21.560000000000002
sctde,1821,22.3,2.9681644159311658,21.700000000000003
sctde,1822,21.0,2.756809750418044,21.750000000000004
sctde,1823,20.9,2.118962010041709,21.6
sctde,1824,22.3,2.1,21.65
sctde,1825,21.6,3.49857113690718,21.7
sctde,1826,21.7,4.026164427839479,21.72
sctde,1827,22.2,3.370459909270544,21.75
sctde,1828,21.9,3.3600595232822887,21.7
sctde,1829,21.3,2.451530134426253,21.71
sctde,1830,22.0,3.7682887362833544,21.72
sctde,1831,23.5,2.9748949561287032,21.84
sctde,1832,21.0,2.23606797749979,21.840000000000003
sctde,1833,21.9,2.3853720883753127,21.940000000000005
sctde,1834,22.3,3.2264531609803355,21.94
sctde,1835,22.1,1.57797338380595,21.990000000000002
sctde,1836,20.5,2.6172504656604803,21.87
sctde,1837,20.9,1.5132745950421556,21.740000000000002
sctde,1838,22.4,2.1540659228538015,21.79
sctde,1839,21.3,2.491987158875422,21.79
sctde,1840,22.4,2.6153393661244038,21.83
sctde,1841,21.3,1.9000000000000001,21.61
sctde,1842,22.3,2.6851443164195103,21.740000000000002
sctde,1843,22.0,1.9493588689617927,21.75
sctde,1844,20.7,2.9,21.59
sctde,1845,21.1,3.1764760348537187,21.490000000000002
sctde,1846,22.4,2.65329983228432,21.68
sctde,1847,20.5,3.0083217912982647,21.64
sctde,1848,21.2,2.4,21.52
sctde,1849,22.5,3.4132096331752027,21.64
sctde,1850,22.1,2.118962010041709,21.610000000000003
sctde,1851,21.4,1.8547236990991407,21.62
sctde,1852,21.1,2.3,21.5
sctde,1853,22.2,3.682390527904394,21.52
sctde,1854,22.8,2.181742422927143,21.73
sctde,1855,21.9,2.2561028345356955,21.810000000000002
sctde,1856,20.9,1.5132745950421556,21.660000000000004
sctde,1857,21.6,1.7435595774162693,21.770000000000003
sctde,1858,22.8,2.1354156504062622,21.930000000000003
sctde,1859,20.9,2.981610303175115,21.77
sctde,1860,21.4,3.1368774282716245,21.7
sctde,1861,22.4,2.8705400188814645,21.8
sctde,1862,19.9,1.445683229480096,21.679999999999996
sctde,1863,21.1,2.1656407827707715,21.569999999999997
sctde,1864,23.6,3.3226495451672298,21.65
sctde,1865,20.4,2.6153393661244038,21.5
sctde,1866,22.9,2.1656407827707715,21.7
sctde,1867,21.5,3.442382895611701,21.689999999999998
sctde,1868,20.7,2.72213151776324,21.479999999999997
sctde,1869,21.7,3.4942810419312296,21.559999999999995
sctde,1870,21.2,2.638181191654584,21.539999999999996
sctde,1871,21.4,2.835489375751565,21.44
sctde,1872,20.4,2.537715508089904,21.490000000000002
sctde,1873,22.4,3.3823069050575527,21.619999999999997
sctde,1874,22.7,2.5317977802344327,21.529999999999998
sctde,1875,22.1,2.211334438749598,21.7
sctde,1876,21.5,3.0083217912982647,21.560000000000002
sctde,1877,21.0,3.3763886032268267,21.509999999999998
sctde,1878,23.4,3.1999999999999997,21.78
sctde,1879,21.1,1.0440306508910548,21.72
sctde,1880,21.3,2.7946377224964243,21.73
sctde,1881,21.8,3.5156791662493894,21.77
sctde,1882,22.3,3.1320919526731648,21.96
sctde,1883,22.3,1.9000000000000004,21.950000000000003
sctde,1884,22.8,2.925747767665559,21.96
sctde,1885,22.0,2.5298221281347035,21.95
sctde,1886,21.8,1.5999999999999999,21.98
sctde,1887,22.5,3.383784863137726,22.13
sctde,1888,22.3,3.606937759374287,22.02
sctde,1889,22.7,3.2878564445547194,22.18
sctde,1890,21.1,3.014962686336267,22.16
sctde,1891,23.1,2.467792535850613,22.29
sctde,1892,23.1,2.6627053911388696,22.369999999999997
sctde,1893,21.4,3.7202150475476548,22.279999999999998
sctde,1894,22.7,1.7349351572897471,22.270000000000003
sctde,1895,23.5,3.170173496829472,22.42
sctde,1896,21.2,1.7204650534085253,22.360000000000003
sctde,1897,21.7,3.2264531609803355,22.28
sctde,1898,22.8,3.627671429443411,22.330000000000005
sctde,1899,23.3,1.5524174696260022,22.39
sctde,1900,21.9,1.6401219466856727,22.470000000000002
sctde,1901,22.7,2.2383029285599396,22.43
sctde,1902,22.1,2.0223748416156684,22.33
sctde,1903,21.4,2.1999999999999997,22.330000000000002
sctde,1904,22.7,1.345362404707371,22.330000000000002
sctde,1905,22.1,2.5865034312755126,22.19
sctde,1906,21.1,2.6248809496813377,22.180000000000003
sctde,1907,21.8,2.2715633383201093,22.19
sctde,1908,21.3,3.0999999999999996,22.04
sctde,1909,24.3,2.758622844826744,22.14
sctde,1910,23.6,2.576819745345025,22.31
sctde,1911,21.9,3.8587562763149474,22.230000000000004
sctde,1912,21.4,3.2924155266308657,22.160000000000004
sctde,1913,23.2,1.7204650534085253,22.340000000000003
sctde,1914,21.8,1.8330302779823358,22.25
sctde,1915,23.2,2.4,22.36
sctde,1916,23.6,2.690724809414742,22.610000000000003
sctde,1917,22.4,1.685229954635272,22.669999999999998
sctde,1918,22.6,2.7640549922170505,22.8
sctde,1919,22.4,2.7640549922170505,22.61
sctde,1920,22.5,2.247220505424423,22.5
sctde,1921,22.7,3.6345563690772495,22.58
sctde,1922,21.1,3.419064199455752,22.55
sctde,1923,22.3,2.758622844826744,22.46
sctde,1924,22.8,2.785677655436824,22.560000000000002
sctde,1925,22.5,2.8722813232690143,22.490000000000002
sctde,1926,22.4,2.727636339397171,22.37
sctde,1927,21.5,2.1563858652847827,22.279999999999998
sctde,1928,23.3,2.7221315177632395,22.35
sctde,1929,22.4,1.7435595774162693,22.349999999999998
sctde,1930,21.1,2.6248809496813377,22.209999999999997
sctde,1931,22.4,3.261901286060018,22.18
sctde,1932,22.7,2.193171219946131,22.34
sctde,1933,23.1,2.4269322199023193,22.419999999999998
sctde,1934,22.5,2.4186773244895647,22.39
sctde,1935,22.6,2.8,22.400000000000002
sctde,1936,23.4,2.2891046284519194,22.500000000000004
sctde,1937,23.3,2.4919871588754225,22.68
sctde,1938,22.2,3.762977544445356,22.57
sctde,1939,21.1,2.1656407827707715,22.439999999999998
sctde,1940,21.9,1.5779733838059502,22.52
sctde,1941,23.0,2.04939015319192,22.580000000000002
sctde,1942,21.0,2.7202941017470885,22.410000000000004
sctde,1943,22.6,2.1071307505705477,22.360000000000003
sctde,1944,21.6,3.2310988842807022,22.270000000000003
sctde,1945,21.5,3.4713109915419564,22.16
sctde,1946,22.9,3.1128764832546763,22.11
sctde,1947,22.3,1.4177446878757827,22.009999999999998
sctde,1948,23.1,2.77308492477241,22.1
sctde,1949,23.7,2.0518284528683193,22.36
sctde,1950,21.9,3.477067730142742,22.360000000000003
sctde,1951,22.7,4.075536774462967,22.330000000000002
sctde,1952,22.9,3.8327535793473597,22.52
sctde,1953,24.2,3.1874754901018454,22.68
sctde,1954,21.9,1.9209372712298547,22.710000000000004
sctde,1955,23.0,2.932575659723036,22.86
sctde,1956,22.6,2.7640549922170505,22.830000000000002
sctde,1957,21.3,3.4073450074801643,22.73
sctde,1958,23.6,2.8705400188814645,22.78
sctde,1959,22.3,2.4919871588754225,22.64
sctde,1960,22.2,2.8213471959331766,22.67
sctde,1961,23.6,2.6153393661244038,22.76
sctde,1962,22.1,3.3600595232822883,22.68
sctde,1963,22.4,1.8547236990991407,22.500000000000004
sctde,1964,22.2,2.6,22.53
sctde,1965,21.9,3.389690251335659,22.42
sctde,1966,22.5,1.91049731745428,22.410000000000004
sctde,1967,22.7,1.846618531261939,22.550000000000004
sctde,1968,21.7,2.72213151776324,22.36
sctde,1969,22.1,2.3430749027719964,22.340000000000003
sctde,1970,21.8,3.059411708155671,22.3
sctde,1971,22.6,2.416609194718914,22.2
sctde,1972,22.1,2.0223748416156684,22.200000000000003
sctde,1973,22.0,2.6832815729997477,22.16
sctde,1974,22.5,2.5787593916455256,22.189999999999998
sctde,1975,24.4,1.562049935181331,22.44
sctde,1976,23.0,1.7888543819998317,22.490000000000002
sctde,1977,23.0,2.1908902300206643,22.520000000000003
sctde,1978,22.5,3.442382895611701,22.6
sctde,1979,24.2,1.9899748742132397,22.810000000000002
sctde,1980,22.9,1.8138357147217055,22.92
sctde,1981,23.2,1.8330302779823362,22.98
sctde,1982,23.1,2.3853720883753122,23.080000000000002
sctde,1983,22.4,1.8547236990991407,23.119999999999997
sctde,1984,23.4,3.3823069050575523,23.209999999999997
sctde,1985,22.6,2.4576411454889016,23.029999999999998
sctde,1986,21.7,3.63455636907725,22.900000000000006
sctde,1987,21.6,2.65329983228432,22.76
sctde,1988,20.9,2.256102834535695,22.6
sctde,1989,22.8,2.993325909419153,22.46
sctde,1990,21.1,2.6248809496813372,22.28
sctde,1991,23.2,2.1354156504062622,22.28
sctde,1992,22.5,3.263433774416144,22.22
sctde,1993,22.2,2.6758176320519302,22.2
sctde,1994,22.2,3.026549190084311,22.08
sctde,1995,22.3,4.148493702538308,22.049999999999997
sctde,1996,21.9,2.8442925306655784,22.070000000000004
sctde,1997,21.2,3.4,22.030000000000005
sctde,1998,23.3,2.5709920264364885,22.270000000000003
sctde,1999,25.2,2.925747767665559,22.51
sctde,2000,21.7,2.9681644159311658,22.57
sctde,2001,23.7,1.676305461424021,22.62
sctde,2002,22.9,1.8138357147217055,22.66
sctde,2003,23.7,2.4919871588754225,22.810000000000002
sctde,2004,24.5,3.5,23.04
sctde,2005,21.7,2.5317977802344322,22.979999999999997
sctde,2006,23.2,1.98997487421324,23.11
sctde,2007,21.5,2.9068883707497264,23.14
sctde,2008,22.8,2.315167380558045,23.089999999999996
sctde,2009,21.7,2.238302928559939,22.739999999999995
sctde,2010,22.4,2.0591260281974,22.81
sctde,2011,22.7,3.579106033634656,22.71
sctde,2012,21.5,2.1563858652847827,22.57
sctde,2013,23.0,2.0976176963403033,22.5
sctde,2014,23.5,2.1563858652847827,22.400000000000002
sctde,2015,23.6,2.690724809414742,22.59
sctde,2016,23.6,2.1071307505705477,22.63
sctde,2017,22.3,3.348133808556641,22.71
sctde,2018,23.3,2.6851443164195103,22.759999999999998
sctde,2019,22.9,3.3896902513356584,22.880000000000003
sctde,2020,23.1,2.071231517720798,22.95
sctde,2021,23.6,1.6248076809271923,23.039999999999996
sctde,2022,23.2,1.9390719429665315,23.21
sctde,2023,23.2,1.5999999999999999,23.23
sctde,2024,23.1,2.773084924772409,23.19
sctde,2025,23.2,3.249615361854384,23.150000000000002
sctde,2026,22.4,2.7640549922170505,23.029999999999998
sctde,2027,23.0,3.03315017762062,23.099999999999998
sctde,2028,21.9,2.6248809496813372,22.96
sctde,2029,23.3,3.7161808352124095,23.0
sctde,2030,22.5,1.857417562100671,22.940000000000005
sctde,2031,23.4,2.1071307505705477,22.919999999999998
sctde,2032,23.4,3.2310988842807022,22.939999999999998
sctde,2033,23.8,2.9597297173897483,23.0
sctde,2034,22.7,2.6476404589747453,22.959999999999997
sctde,2035,22.7,2.5709920264364885,22.91
sctde,2036,23.1,1.8138357147217055,22.979999999999997
sctde,2037,22.7,1.9519221295943134,22.95
sctde,2038,21.9,2.4269322199023193,22.95
sctde,2039,23.5,2.29128784747792,22.970000000000002
sctde,2040,24.1,3.144837038703278,23.130000000000003
sctde,2041,22.2,2.56124969497314,23.01
sctde,2042,22.9,1.9209372712298545,22.959999999999997
sctde,2043,22.4,1.0198039027185568,22.819999999999997
sctde,2044,23.3,2.934280150224242,22.879999999999995
sctde,2045,23.5,2.247220505424423,22.96
sctde,2046,23.0,2.449489742783178,22.950000000000003
sctde,2047,24.1,1.972308292331602,23.090000000000003
sctde,2048,23.7,2.1470910553583886,23.270000000000003
sctde,2049,23.1,2.8442925306655784,23.23
sctde,2050,23.1,2.50798724079689,23.13
sctde,2051,22.4,3.1999999999999997,23.149999999999995
sctde,2052,23.8,3.1240998703626617,23.239999999999995
sctde,2053,21.9,2.4269322199023193,23.19
sctde,2054,22.9,3.448187929913334,23.15
sctde,2055,24.0,2.6076809620810595,23.200000000000003
sctde,2056,23.2,2.891366458960192,23.22
sctde,2057,23.2,2.6381811916545836,23.130000000000003
sctde,2058,21.9,3.1128764832546763,22.95
sctde,2059,22.5,1.284523257866513,22.89
sctde,2060,22.6,2.2891046284519194,22.840000000000003
sctde,2061,22.2,2.1354156504062622,22.820000000000004
sctde,2062,21.4,2.727636339397171,22.580000000000002
sctde,2063,24.0,2.280350850198276,22.79
sctde,2064,21.9,1.5132745950421556,22.69
sctde,2065,23.6,2.8,22.650000000000002
sctde,2066,23.5,2.539685019840059,22.680000000000003
sctde,2067,22.1,2.211334438749598,22.570000000000004
sctde,2068,21.8,2.315167380558045,22.560000000000002
sctde,2069,23.4,2.5377155080899043,22.65
sctde,2070,22.9,2.2561028345356955,22.680000000000003
sctde,2071,22.9,2.3430749027719964,22.75
sctde,2072,22.4,2.90516780926679,22.849999999999998
sctde,2073,24.4,2.1071307505705477,22.89
sctde,2074,24.8,2.315167380558045,23.18
sctde,2075,23.7,2.6095976701399777,23.19
sctde,2076,22.5,2.1563858652847827,23.09
sctde,2077,24.3,2.6476404589747453,23.31
sctde,2078,22.8,2.6381811916545836,23.41
sctde,2079,21.5,1.5,23.22
sctde,2080,23.1,2.071231517720798,23.24
sctde,2081,23.0,1.8439088914585775,23.25
sctde,2082,23.2,2.85657137141714,23.33
sctde,2083,24.1,2.1656407827707715,23.300000000000004
sctde,2084,23.2,1.7204650534085253,23.140000000000004
sctde,2085,23.9,2.5079872407968904,23.16
sctde,2086,23.6,2.3748684174075834,23.270000000000003
sctde,2087,22.6,2.0099751242241783,23.1
sctde,2088,23.1,2.2561028345356955,23.13
sctde,2089,22.6,2.576819745345025,23.240000000000002
sctde,2090,22.6,3.4409301068170506,23.190000000000005
sctde,2091,23.8,1.9390719429665315,23.270000000000003
sctde,2092,24.3,2.8301943396169813,23.380000000000003
sctde,2093,22.5,1.91049731745428,23.22
sctde,2094,23.1,2.7,23.209999999999997
sctde,2095,21.8,1.9899748742132397,23.0
sctde,2096,23.1,2.4269322199023193,22.949999999999996
sctde,2097,24.2,2.2271057451320084,23.11
sctde,2098,22.4,2.244994432064365,23.039999999999996
sctde,2099,24.0,3.03315017762062,23.18
sctde,2100,22.2,2.7495454169735045,23.14
sctde,2101,25.5,1.857417562100671,23.31
sctde,2102,23.3,2.325940669922601,23.21
sctde,2103,22.6,3.4698703145794942,23.220000000000002
sctde,2104,23.9,3.5623026261113755,23.3
sctde,2105,24.0,1.2649110640673518,23.520000000000003
sctde,2106,23.2,2.2715633383201093,23.53
sctde,2107,22.0,2.04939015319192,23.31
sctde,2108,23.6,1.8000000000000003,23.430000000000003
sctde,2109,24.7,2.451530134426253,23.5
sctde,2110,23.3,2.238302928559939,23.61
sctde,2111,24.9,1.7578395831246945,23.550000000000004
sctde,2112,22.4,2.537715508089904,23.459999999999997
sctde,2113,22.3,1.7916472867168918,23.43
sctde,2114,24.0,2.4899799195977463,23.439999999999998
sctde,2115,23.0,2.6457513110645907,23.34
sctde,2116,22.9,2.662705391138869,23.31
sctde,2117,23.7,2.2825424421026654,23.480000000000004
sctde,2118,22.6,2.835489375751565,23.380000000000003
sctde,2119,22.9,2.165640782770771,23.200000000000003
sctde,2120,22.1,1.7,23.080000000000005
sctde,2121,22.4,3.261901286060018,22.830000000000002
sctde,2122,21.3,2.6095976701399777,22.720000000000002
sctde,2123,23.0,2.280350850198276,22.79
sctde,2124,24.3,1.8466185312619385,22.820000000000004
sctde,2125,22.1,2.808914381037628,22.730000000000004
sctde,2126,23.8,3.059411708155671,22.820000000000004
sctde,2127,23.5,2.8722813232690143,22.800000000000004
sctde,2128,23.8,2.6381811916545836,22.92
sctde,2129,23.6,1.562049935181331,22.990000000000002
sctde,2130,22.6,2.90516780926679,23.040000000000003
sctde,2131,23.5,2.80178514522438,23.150000000000006
sctde,2132,23.3,2.4919871588754225,23.35000000000001
sctde,2133,22.6,2.2449944320643644,23.310000000000006
sctde,2134,24.9,2.981610303175115,23.370000000000005
sctde,2135,23.3,1.9000000000000001,23.490000000000002
sctde,2136,23.2,2.1354156504062622,23.43
sctde,2137,22.9,2.4269322199023193,23.369999999999997
sctde,2138,22.3,2.238302928559939,23.220000000000002
sctde,2139,22.7,2.147091055358389,23.13
sctde,2140,25.1,1.8681541692269406,23.380000000000003
sctde,2141,22.7,2.0518284528683193,23.3
sctde,2142,23.8,3.4871191548325386,23.35
sctde,2143,23.5,2.9410882339705484,23.44
sctde,2144,24.3,1.5524174696260022,23.38
sctde,2145,25.1,3.1128764832546763,23.560000000000002
sctde,2146,23.6,2.244994432064365,23.6
sctde,2147,24.1,2.256102834535695,23.720000000000002
sctde,2148,23.7,1.7916472867168918,23.860000000000003
sctde,2149,24.1,1.5779733838059502,24.0
sctde,2150,23.4,3.6110940170535577,23.830000000000002
sctde,2151,24.2,2.2715633383201093,23.980000000000004
sctde,2152,23.1,2.3853720883753122,23.91
sctde,2153,21.3,2.9681644159311658,23.689999999999998
sctde,2154,23.1,2.3853720883753127,23.569999999999997
sctde,2155,23.9,2.2113344387495983,23.45
sctde,2156,22.5,1.6278820596099706,23.34
sctde,2157,23.1,2.8442925306655784,23.24
sctde,2158,22.4,2.3748684174075834,23.11
sctde,2159,23.9,3.0805843601498726,23.09
sctde,2160,23.7,2.6095976701399777,23.12
sctde,2161,24.0,2.449489742783178,23.1
sctde,2162,23.5,1.857417562100671,23.14
sctde,2163,23.9,2.5079872407968904,23.400000000000006
sctde,2164,24.5,2.0124611797498106,23.540000000000003
sctde,2165,25.0,2.5298221281347035,23.650000000000002
sctde,2166,22.8,1.2489995996796794,23.68
sctde,2167,22.9,1.972308292331602,23.66
sctde,2168,23.8,3.026549190084311,23.8
sctde,2169,23.9,2.022374841615669,23.8
sctde,2170,23.2,3.31058907144937,23.75
sctde,2171,24.7,1.9519221295943134,23.82
sctde,2172,24.0,2.3664319132398464,23.869999999999997
sctde,2173,22.9,2.3,23.769999999999996
sctde,2174,23.7,1.7349351572897471,23.69
sctde,2175,24.6,2.416609194718914,23.650000000000002
sctde,2176,22.9,3.8587562763149474,23.660000000000004
sctde,2177,24.7,2.4103941586387903,23.84
sctde,2178,23.0,2.792848008753788,23.76
sctde,2179,24.3,3.6891733491393435,23.8
sctde,2180,23.3,2.4103941586387903,23.810000000000002
sctde,2181,24.5,2.4186773244895647,23.790000000000003
sctde,2182,23.0,1.4832396974191326,23.690000000000005
sctde,2183,23.7,2.1,23.77
sctde,2184,23.6,1.685229954635272,23.76
sctde,2185,23.8,1.5999999999999999,23.68
sctde,2186,23.2,2.6381811916545836,23.71
sctde,2187,22.5,2.9410882339705484,23.490000000000002
sctde,2188,22.9,1.6401219466856725,23.479999999999997
sctde,2189,23.6,1.685229954635272,23.409999999999997
sctde,2190,24.0,2.32379000772445,23.479999999999997
sctde,2191,22.7,3.163858403911275,23.3
sctde,2192,23.9,2.071231517720798,23.390000000000004
sctde,2193,23.4,1.3564659966250538,23.36
sctde,2194,22.0,1.6733200530681511,23.200000000000003
sctde,2195,22.9,2.0223748416156684,23.11
sctde,2196,24.0,2.32379000772445,23.189999999999998
sctde,2197,22.6,2.4979991993593593,23.2
sctde,2198,24.9,2.8792360097775944,23.4
sctde,2199,22.5,2.5,23.29
sctde,2200,24.1,3.645545226711637,23.3
sctde,2201,25.9,3.389690251335659,23.62
sctde,2202,23.8,1.9390719429665315,23.61
sctde,2203,25.3,3.1320919526731648,23.8
sctde,2204,22.9,2.7367864366808017,23.89
sctde,2205,22.7,3.579106033634656,23.87
sctde,2206,22.7,2.325940669922602,23.74
sctde,2207,23.3,2.2383029285599396,23.810000000000002
sctde,2208,25.1,2.6248809496813377,23.830000000000002
sctde,2209,22.8,2.2715633383201093,23.860000000000003
sctde,2210,23.1,3.1448370387032774,23.76
sctde,2211,23.0,3.0,23.470000000000002
sctde,2212,25.0,2.898275349237888,23.59
sctde,2213,23.0,3.6606010435446255,23.36
sctde,2214,22.8,2.481934729198171,23.35
sctde,2215,23.4,3.826225293941798,23.42
sctde,2216,24.0,2.32379000772445,23.550000000000004
sctde,2217,23.8,2.6758176320519302,23.600000000000005
sctde,2218,23.6,3.1999999999999997,23.45
sctde,2219,24.7,2.6095976701399777,23.639999999999997
sctde,2220,23.6,2.576819745345025,23.69
sctde,2221,23.3,2.2825424421026654,23.72
sctde,2222,24.2,2.6758176320519302,23.64
sctde,2223,23.2,1.9390719429665315,23.660000000000004
sctde,2224,24.3,3.5791060336346563,23.810000000000002
sctde,2225,23.6,2.4166091947189146,23.830000000000002
sctde,2226,24.0,2.04939015319192,23.83
sctde,2227,24.1,2.3000000000000003,23.860000000000003
sctde,2228,23.6,2.6532998322843198,23.860000000000003
sctde,2229,24.2,1.9899748742132397,23.809999999999995
sctde,2230,22.3,2.609597670139978,23.680000000000003
sctde,2231,23.7,2.9681644159311658,23.720000000000006
sctde,2232,23.6,2.5377155080899043,23.660000000000004
sctde,2233,23.4,3.1999999999999997,23.68
sctde,2234,24.0,3.0659419433511785,23.65
sctde,2235,23.1,2.3,23.599999999999998
sctde,2236,22.9,2.3,23.49
sctde,2237,24.1,2.9137604568666933,23.489999999999995
sctde,2238,24.5,1.4317821063276353,23.58
sctde,2239,23.1,3.2388269481403293,23.47
sctde,2240,24.0,1.8439088914585775,23.64
sctde,2241,24.9,2.6627053911388696,23.759999999999998
sctde,2242,23.1,3.672873534441392,23.709999999999997
sctde,2243,23.6,3.0724582991474434,23.73
sctde,2244,23.5,2.9748949561287032,23.680000000000003
sctde,2245,25.6,2.4166091947189146,23.93
sctde,2246,23.9,2.7730849247724096,24.03
sctde,2247,21.9,2.5865034312755126,23.810000000000006
sctde,2248,23.4,2.5768197453450252,23.700000000000003
sctde,2249,23.1,2.808914381037628,23.700000000000003
sctde,2250,24.5,2.29128784747792,23.75
sctde,2251,23.9,2.5079872407968904,23.65
sctde,2252,24.0,3.255764119219941,23.740000000000002
sctde,2253,24.6,2.7640549922170505,23.840000000000003
sctde,2254,23.8,2.315167380558045,23.87
sctde,2255,24.0,2.569046515733026,23.71
sctde,2256,24.5,2.9410882339705484,23.77
sctde,2257,24.0,2.280350850198276,23.980000000000004
sctde,2258,23.7,2.0518284528683193,24.01
sctde,2259,22.5,2.3769728648009427,23.950000000000006
sctde,2260,24.4,2.2,23.940000000000005
sctde,2261,25.2,1.5362291495737217,24.070000000000004
sctde,2262,23.5,2.4596747752497685,24.020000000000003
sctde,2263,23.2,1.9899748742132397,23.880000000000006
sctde,2264,23.8,1.7204650534085253,23.880000000000003
sctde,2265,23.8,1.6613247725836149,23.86
sctde,2266,24.4,3.4698703145794942,23.849999999999998
sctde,2267,24.6,2.6153393661244038,23.91
sctde,2268,23.7,3.4365680554879168,23.910000000000004
sctde,2269,26.1,2.467792535850613,24.270000000000003
sctde,2270,23.5,3.0083217912982647,24.180000000000003
sctde,2271,22.8,2.6758176320519302,23.940000000000005
sctde,2272,24.3,3.348133808556641,24.020000000000003
sctde,2273,23.1,2.343074902771996,24.01
sctde,2274,23.6,1.8,23.99
sctde,2275,23.3,2.3685438564654024,23.939999999999998
sctde,2276,24.3,2.6476404589747453,23.93
sctde,2277,24.2,2.1354156504062622,23.89
sctde,2278,24.7,2.193171219946131,23.990000000000002
sctde,2279,25.2,2.1354156504062622,23.900000000000002
sctde,2280,23.6,1.562049935181331,23.91
sctde,2281,24.0,2.6832815729997477,24.03
sctde,2282,22.2,2.0880613017821097,23.82
sctde,2283,24.8,2.6381811916545836,23.99
sctde,2284,23.7,1.9000000000000001,24.0
sctde,2285,23.9,2.5475478405713994,24.060000000000002
sctde,2286,24.0,1.7888543819998317,24.03
sctde,2287,22.7,1.7349351572897471,23.88
sctde,2288,22.8,3.627671429443411,23.69
sctde,2289,22.5,3.52845575287547,23.420000000000005
sctde,2290,22.8,2.4,23.340000000000007
sctde,2291,24.6,2.3748684174075834,23.400000000000002
sctde,2292,23.4,2.3323807579381204,23.520000000000003
sctde,2293,24.4,2.727636339397171,23.480000000000004
sctde,2294,24.6,3.555277766926235,23.570000000000004
sctde,2295,22.7,2.5317977802344322,23.450000000000003
sctde,2296,23.7,2.72213151776324,23.420000000000005
sctde,2297,24.6,2.6153393661244038,23.610000000000003
sctde,2298,23.3,2.238302928559939,23.660000000000004
sctde,2299,23.1,2.071231517720798,23.720000000000002
sctde,2300,23.6,1.8547236990991407,23.8
sctde,2301,22.5,1.5,23.59
sctde,2302,24.5,2.247220505424423,23.7
sctde,2303,24.2,1.8867962264113207,23.68
sctde,2304,24.1,2.071231517720798,23.63
sctde,2305,23.3,2.934280150224242,23.690000000000005
sctde,2306,24.4,3.261901286060018,23.76
sctde,2307,23.5,1.6881943016134133,23.650000000000002
sctde,2308,24.2,3.8935844667863573,23.740000000000002
sctde,2309,24.7,2.3685438564654024,23.9
sctde,2310,24.4,2.4979991993593593,23.98
sctde,2311,24.6,4.2708313008125245,24.19
sctde,2312,23.0,3.0,24.040000000000003
sctde,2313,23.9,2.071231517720798,24.01
sctde,2314,23.0,2.280350850198276,23.900000000000002
sctde,2315,24.9,2.2561028345356955,24.060000000000002
sctde,2316,23.8,1.6613247725836149,24.000000000000004
sctde,2317,24.3,2.7946377224964243,24.080000000000002
sctde,2318,23.7,2.6851443164195103,24.03
sctde,2319,25.1,2.211334438749598,24.070000000000004
sctde,2320,23.3,2.1,23.960000000000008
sctde,2321,23.9,2.118962010041709,23.89
sctde,2322,23.5,2.3769728648009427,23.940000000000005
sctde,2323,23.9,4.253234063627347,23.940000000000005
sctde,2324,23.4,1.9595917942265422,23.980000000000004
sctde,2325,24.4,2.90516780926679,23.930000000000003
sctde,2326,24.3,2.3685438564654024,23.98
sctde,2327,24.5,2.6551836094703507,24.0
sctde,2328,23.6,2.5768197453450252,23.99
sctde,2329,24.1,1.374772708486752,23.89
sctde,2330,23.7,2.9681644159311658,23.93
sctde,2331,22.9,2.4269322199023193,23.83
sctde,2332,24.6,2.2,23.94
sctde,2333,24.0,2.1908902300206643,23.950000000000003
sctde,2334,25.3,2.0518284528683193,24.14
sctde,2335,23.8,2.521904042583698,24.080000000000002
sctde,2336,23.4,2.835489375751565,23.990000000000002
sctde,2337,22.6,2.5768197453450252,23.8
sctde,2338,24.8,2.5612496949731396,23.92
sctde,2339,23.3,3.4365680554879163,23.840000000000003
sctde,2340,24.9,3.3600595232822887,23.96
sctde,2341,22.9,1.8681541692269406,23.96
sctde,2342,23.6,1.8547236990991407,23.86
sctde,2343,23.9,1.5132745950421558,23.85
sctde,2344,22.3,2.794637722496424,23.55
sctde,2345,23.5,4.5,23.520000000000003
sctde,2346,24.6,2.835489375751565,23.640000000000004
sctde,2347,25.3,3.1320919526731648,23.910000000000004
sctde,2348,24.6,2.0591260281974,23.890000000000004
sctde,2349,22.7,2.4515301344262523,23.830000000000002
sctde,2350,25.8,2.638181191654584,23.92
sctde,2351,24.3,1.9519221295943134,24.060000000000002
sctde,2352,25.2,1.5362291495737217,24.220000000000002
sctde,2353,23.3,2.6851443164195103,24.160000000000004
sctde,2354,23.6,2.6532998322843193,24.29
sctde,2355,23.8,3.124099870362662,24.319999999999997
sctde,2356,23.9,2.844292530665579,24.249999999999996
sctde,2357,24.8,2.891366458960192,24.2
sctde,2358,24.7,4.050925820105819,24.209999999999997
sctde,2359,24.4,3.261901286060018,24.38
sctde,2360,24.4,2.6907248094147422,24.240000000000002
sctde,2361,24.8,1.5999999999999999,24.290000000000003
sctde,2362,24.5,2.8722813232690143,24.220000000000002
sctde,2363,23.7,1.6155494421403511,24.26
sctde,2364,22.5,2.1563858652847827,24.15
sctde,2365,24.8,2.85657137141714,24.250000000000004
sctde,2366,24.8,2.7856776554368237,24.340000000000003
sctde,2367,24.9,2.7367864366808017,24.35
sctde,2368,24.5,2.692582403567252,24.330000000000002
sctde,2369,24.5,2.5787593916455256,24.340000000000003
sctde,2370,23.4,1.562049935181331,24.24
sctde,2371,23.8,2.7129319932501073,24.14
sctde,2372,24.7,2.0024984394500787,24.16
sctde,2373,23.9,2.467792535850613,24.18
sctde,2374,23.7,2.6095976701399777,24.3
sctde,2375,25.1,2.7,24.330000000000005
sctde,2376,24.2,2.0396078054371136,24.270000000000003
sctde,2377,24.2,3.1559467676119,24.200000000000003
sctde,2378,24.9,2.50798724079689,24.24000000000001
sctde,2379,25.0,2.6457513110645907,24.290000000000006
sctde,2380,24.2,1.9899748742132397,24.370000000000005
sctde,2381,22.4,1.4966629547095767,24.23
sctde,2382,22.8,1.32664991614216,24.040000000000003
sctde,2383,24.2,1.7204650534085253,24.07
sctde,2384,24.2,2.4413111231467406,24.120000000000005
sctde,2385,25.1,2.118962010041709,24.12
sctde,2386,25.5,2.0124611797498106,24.250000000000007
sctde,2387,24.5,3.556683848755748,24.28
sctde,2388,24.8,2.7856776554368237,24.270000000000003
sctde,2389,24.3,1.1874342087037917,24.2
sctde,2390,25.0,2.449489742783178,24.28
sctde,2391,25.2,2.4413111231467406,24.560000000000002
sctde,2392,23.9,2.6248809496813372,24.67
sctde,2393,24.3,2.0024984394500787,24.68
sctde,2394,25.9,2.3853720883753127,24.85
sctde,2395,23.8,2.2715633383201093,24.72
sctde,2396,24.8,2.521904042583698,24.650000000000002
sctde,2397,25.3,3.579106033634656,24.73
sctde,2398,24.2,2.3579652245103193,24.67
sctde,2399,24.2,2.315167380558045,24.660000000000004
sctde,2400,24.3,1.5524174696260025,24.590000000000003
sctde,2401,22.8,2.6758176320519302,24.35
sctde,2402,23.3,3.2572994949804666,24.29
sctde,2403,23.8,2.2271057451320084,24.24
sctde,2404,24.1,1.3,24.060000000000002
sctde,2405,23.7,2.0024984394500787,24.05
sctde,2406,25.3,2.238302928559939,24.100000000000005
sctde,2407,22.8,3.026549190084311,23.850000000000005
sctde,2408,22.7,1.8466185312619385,23.700000000000003
sctde,2409,24.2,2.6,23.700000000000003
sctde,2410,22.9,3.448187929913334,23.560000000000002
sctde,2411,24.6,2.8,23.740000000000002
sctde,2412,25.2,2.0396078054371136,23.930000000000003
sctde,2413,24.3,2.2825424421026654,23.98
sctde,2414,23.0,2.280350850198276,23.87
sctde,2415,24.7,2.3259406699226015,23.97
sctde,2416,25.7,2.5317977802344327,24.01
sctde,2417,24.5,1.91049731745428,24.179999999999996
sctde,2418,24.8,2.6381811916545836,24.39
sctde,2419,23.6,2.690724809414742,24.33
sctde,2420,25.4,2.6153393661244038,24.580000000000002
sctde,2421,24.5,3.0413812651491097,24.57
sctde,2422,25.8,1.7204650534085253,24.630000000000003
sctde,2423,24.0,2.932575659723036,24.6
sctde,2424,24.1,2.8442925306655784,24.709999999999997
sctde,2425,23.8,1.9390719429665315,24.619999999999997
sctde,2426,24.0,1.61245154965971,24.450000000000003
sctde,2427,23.1,1.2206555615733703,24.31
sctde,2428,24.6,2.537715508089904,24.290000000000003
sctde,2429,24.0,3.255764119219941,24.330000000000005
sctde,2430,22.8,1.9390719429665315,24.07
sctde,2431,24.5,2.539685019840059,24.070000000000004
sctde,2432,23.9,2.071231517720798,23.880000000000006
sctde,2433,24.7,1.9,23.950000000000003
sctde,2434,25.4,2.835489375751565,24.080000000000002
sctde,2435,23.9,2.773084924772409,24.09
sctde,2436,23.5,2.80178514522438,24.040000000000003
sctde,2437,24.8,2.4413111231467406,24.210000000000004
sctde,2438,24.8,2.9257477676655586,24.230000000000004
sctde,2439,24.5,2.3345235059857505,24.280000000000005
sctde,2440,25.0,3.0983866769659336,24.5
sctde,2441,24.4,2.5377155080899043,24.490000000000002
sctde,2442,25.3,3.4655446902326914,24.630000000000003
sctde,2443,24.0,2.6076809620810595,24.560000000000002
sctde,2444,23.0,2.932575659723036,24.320000000000004
sctde,2445,23.6,1.4966629547095767,24.290000000000003
sctde,2446,25.2,1.9390719429665315,24.46
sctde,2447,24.0,2.04939015319192,24.380000000000003
sctde,2448,24.2,1.5999999999999999,24.320000000000007
sctde,2449,23.8,2.1354156504062622,24.250000000000004
sctde,2450,24.0,3.521363372331802,24.150000000000006
sctde,2451,25.5,1.857417562100671,24.26
sctde,2452,24.6,1.6248076809271923,24.19
sctde,2453,23.7,2.193171219946131,24.160000000000004
sctde,2454,23.2,2.2715633383201093,24.180000000000003
sctde,2455,24.3,2.491987158875423,24.250000000000004
sctde,2456,24.4,2.8,24.170000000000005
sctde,2457,23.4,2.690724809414742,24.110000000000003
sctde,2458,24.4,1.42828568570857,24.130000000000006
sctde,2459,25.0,3.0,24.250000000000004
sctde,2460,23.8,3.4583232931581165,24.23
sctde,2461,24.8,2.08806130178211,24.16
sctde,2462,23.8,1.9390719429665317,24.079999999999995
sctde,2463,23.4,2.5377155080899043,24.049999999999997
sctde,2464,24.0,2.04939015319192,24.130000000000003
sctde,2465,24.2,2.2271057451320084,24.120000000000005
sctde,2466,24.3,2.325940669922602,24.11
sctde,2467,24.0,2.280350850198276,24.17
sctde,2468,23.4,1.8,24.070000000000004
sctde,2469,23.6,3.1999999999999997,23.930000000000003
sctde,2470,24.6,2.973213749463701,24.01
sctde,2471,25.6,2.3748684174075834,24.090000000000003
sctde,2472,23.8,2.749545416973504,24.09
sctde,2473,23.1,1.8681541692269403,24.060000000000002
sctde,2474,24.3,3.1953090617340916,24.089999999999996
sctde,2475,24.1,2.3430749027719964,24.080000000000002
sctde,2476,23.9,1.8681541692269403,24.040000000000003
sctde,2477,24.0,2.23606797749979,24.040000000000006
sctde,2478,23.7,3.132091952673165,24.070000000000004
sctde,2479,23.5,3.383784863137726,24.060000000000006
sctde,2480,24.5,2.29128784747792,24.050000000000004
sctde,2481,25.0,2.6457513110645907,23.990000000000002
sctde,2482,23.6,1.8,23.970000000000002
sctde,2483,25.5,2.3345235059857505,24.21
sctde,2484,24.8,1.8330302779823362,24.26
sctde,2485,25.1,1.972308292331602,24.360000000000003
sctde,2486,24.2,2.2715633383201093,24.39
sctde,2487,23.3,2.4919871588754225,24.32
sctde,2488,24.5,1.857417562100671,24.400000000000002
sctde,2489,25.4,2.2891046284519194,24.59
sctde,2490,25.1,1.5132745950421558,24.65
sctde,2491,24.4,1.9078784028338913,24.590000000000003
sctde,2492,24.1,3.2078029864690882,24.640000000000004
sctde,2493,23.6,1.9078784028338915,24.450000000000003
sctde,2494,23.7,2.2825424421026654,24.34
sctde,2495,24.6,2.1540659228538015,24.290000000000003
sctde,2496,24.3,1.6155494421403511,24.3
sctde,2497,25.9,1.2206555615733703,24.560000000000002
sctde,2498,23.7,2.3259406699226015,24.480000000000004
sctde,2499,25.4,2.835489375751565,24.48
sctde,2500,23.6,2.1071307505705477,24.330000000000002
sctde,2501,24.0,2.5298221281347035,24.29
sctde,2502,25.5,2.3345235059857505,24.430000000000003
sctde,2503,24.0,2.4899799195977463,24.47
sctde,2504,23.0,1.3416407864998738,24.400000000000002
sctde,2505,23.8,1.9390719429665315,24.32
sctde,2506,23.0,2.04939015319192,24.19
sctde,2507,25.7,2.6095976701399777,24.17
sctde,2508,23.0,2.23606797749979,24.100000000000005
sctde,2509,24.5,2.4186773244895647,24.01
sctde,2510,25.4,2.6532998322843198,24.190000000000005
sctde,2511,23.2,2.0880613017821097,24.110000000000003
sctde,2512,24.3,2.5317977802344327,23.990000000000002
sctde,2513,23.7,2.72213151776324,23.96
sctde,2514,23.2,2.638181191654584,23.98
sctde,2515,23.3,1.7349351572897471,23.93
sctde,2516,23.6,2.2449944320643644,23.990000000000002
sctde,2517,24.2,1.5999999999999999,23.840000000000003
sctde,2518,23.8,1.7204650534085253,23.919999999999998
sctde,2519,25.3,1.676305461424021,24.000000000000004
sctde,2520,23.3,2.685144316419511,23.79
sctde,2521,23.7,2.282542442102666,23.840000000000007
sctde,2522,25.3,1.676305461424021,23.94
sctde,2523,24.5,1.857417562100671,24.020000000000003
sctde,2524,24.1,2.1656407827707715,24.11
sctde,2525,24.5,1.746424919657298,24.23
sctde,2526,25.3,3.606937759374287,24.400000000000002
sctde,2527,25.9,2.773084924772409,24.57
sctde,2528,25.1,2.2561028345356955,24.700000000000003
sctde,2529,24.3,2.8653097563788807,24.6
sctde,2530,24.8,2.2271057451320084,24.750000000000004
sctde,2531,24.5,1.857417562100671,24.830000000000002
sctde,2532,24.3,2.0518284528683197,24.73
sctde,2533,24.7,2.9342801502242426,24.749999999999996
sctde,2534,23.0,2.280350850198276,24.64
sctde,2535,24.6,2.4166091947189146,24.650000000000002
sctde,2536,25.0,2.3664319132398464,24.62
sctde,2537,24.1,1.57797338380595,24.44
sctde,2538,24.5,2.4596747752497685,24.380000000000003
sctde,2539,24.4,2.009975124224178,24.390000000000004
sctde,2540,25.6,2.009975124224178,24.470000000000006
sctde,2541,23.1,2.118962010041709,24.330000000000002
sctde,2542,24.1,1.8681541692269406,24.310000000000002
sctde,2543,24.0,2.6832815729997477,24.240000000000002
sctde,2544,25.6,1.2806248474865698,24.5
sctde,2545,25.4,2.497999199359359,24.580000000000005
sctde,2546,23.4,2.3748684174075834,24.420000000000005
sctde,2547,25.5,3.138470965295043,24.560000000000002
sctde,2548,24.6,2.416609194718914,24.570000000000004
sctde,2549,24.2,2.481934729198171,24.550000000000004
sctde,2550,25.7,2.9,24.560000000000002
sctde,2551,24.9,2.4269322199023193,24.740000000000002
sctde,2552,24.4,2.8000000000000003,24.770000000000007
sctde,2553,23.4,2.009975124224178,24.71
sctde,2554,25.1,2.118962010041709,24.660000000000004
sctde,2555,23.8,2.5612496949731396,24.500000000000004
sctde,2556,25.4,2.973213749463701,24.7
sctde,2557,24.2,3.1559467676119,24.57
sctde,2558,24.6,1.9595917942265428,24.57
sctde,2559,24.3,3.001666203960727,24.58
sctde,2560,24.7,1.8466185312619385,24.479999999999997
sctde,2561,25.7,2.4515301344262523,24.56
sctde,2562,25.1,1.7578395831246947,24.630000000000003
sctde,2563,24.2,2.785677655436824,24.71
sctde,2564,24.1,2.4269322199023193,24.610000000000003
sctde,2565,23.9,2.3430749027719964,24.62
sctde,2566,25.2,2.85657137141714,24.6
sctde,2567,25.3,2.9,24.710000000000004
sctde,2568,24.5,1.6881943016134133,24.7
sctde,2569,24.8,1.6613247725836147,24.750000000000004
sctde,2570,24.7,2.0999999999999996,24.75
sctde,2571,24.3,2.5317977802344327,24.61
sctde,2572,24.2,2.181742422927143,24.519999999999996
sctde,2573,24.9,2.5079872407968904,24.590000000000003
sctde,2574,24.0,2.23606797749979,24.580000000000005
sctde,2575,25.2,2.7129319932501077,24.709999999999997
sctde,2576,23.3,2.0024984394500787,24.520000000000003
sctde,2577,23.7,2.685144316419511,24.360000000000003
sctde,2578,25.1,2.071231517720798,24.42
sctde,2579,24.6,1.9078784028338913,24.400000000000006
sctde,2580,23.8,3.5721142198983507,24.310000000000002
sctde,2581,25.1,2.1656407827707715,24.390000000000004
sctde,2582,24.4,2.3748684174075834,24.41
sctde,2583,24.5,2.8722813232690143,24.370000000000005
sctde,2584,23.7,2.758622844826744,24.340000000000003
sctde,2585,24.1,1.7000000000000002,24.230000000000004
sctde,2586,24.5,2.539685019840059,24.35
sctde,2587,25.7,2.3259406699226015,24.55
sctde,2588,25.0,2.23606797749979,24.540000000000003
sctde,2589,24.2,2.749545416973504,24.5
sctde,2590,24.4,2.1540659228538015,24.56
sctde,2591,24.3,2.451530134426253,24.48
sctde,2592,24.5,2.4596747752497685,24.490000000000002
sctde,2593,25.0,2.6457513110645907,24.54
sctde,2594,23.8,2.7856776554368237,24.549999999999997
sctde,2595,24.1,2.5475478405713994,24.55
sctde,2596,23.2,2.6,24.419999999999998
sctde,2597,23.5,2.0124611797498106,24.2
sctde,2598,26.0,1.9493588689617927,24.300000000000004
sctde,2599,23.6,2.727636339397171,24.240000000000002
sctde,2600,24.3,3.0016662039607267,24.230000000000004
sctde,2601,24.8,2.6758176320519302,24.28
sctde,2602,23.6,2.727636339397171,24.19
sctde,2603,24.9,1.8138357147217055,24.18
sctde,2604,23.7,2.5317977802344327,24.169999999999998
sctde,2605,24.4,2.727636339397171,24.200000000000003
sctde,2606,23.5,1.3601470508735443,24.230000000000004
sctde,2607,27.0,3.605551275463989,24.580000000000002
sctde,2608,24.3,1.9000000000000001,24.410000000000004
sctde,2609,26.0,2.756809750418044,24.650000000000002
sctde,2610,25.0,2.4899799195977463,24.720000000000002
sctde,2611,25.7,2.4103941586387903,24.810000000000002
sctde,2612,25.0,1.8973665961010275,24.950000000000003
sctde,2613,23.4,2.3748684174075834,24.8
sctde,2614,25.6,2.2891046284519194,24.990000000000002
sctde,2615,24.8,2.521904042583698,25.029999999999998
sctde,2616,25.6,3.4409301068170506,25.240000000000002
sctde,2617,25.0,1.7888543819998317,25.04
sctde,2618,23.8,2.227105745132009,24.99
sctde,2619,25.3,3.1320919526731648,24.92
sctde,2620,23.8,2.4,24.8
sctde,2621,24.9,2.022374841615669,24.72
sctde,2622,25.7,2.0024984394500787,24.79
sctde,2623,25.4,2.3748684174075834,24.990000000000002
sctde,2624,25.6,2.939387691339814,24.990000000000002
sctde,2625,24.7,2.451530134426253,24.980000000000004
sctde,2626,25.3,2.8653097563788803,24.950000000000003
sctde,2627,24.2,1.5999999999999999,24.870000000000005
sctde,2628,26.3,2.051828452868319,25.12
sctde,2629,25.0,2.756809750418044,25.09
sctde,2630,25.3,2.5317977802344322,25.24
sctde,2631,25.5,2.80178514522438,25.300000000000004
sctde,2632,25.3,2.1931712199461315,25.260000000000005
sctde,2633,25.0,3.1304951684997055,25.220000000000002
sctde,2634,25.6,2.1999999999999997,25.220000000000006
sctde,2635,23.6,2.8000000000000003,25.11
sctde,2636,23.9,2.8442925306655784,24.970000000000006
sctde,2637,24.3,2.193171219946131,24.980000000000004
sctde,2638,24.1,1.7578395831246945,24.76
sctde,2639,23.7,2.7221315177632404,24.630000000000003
sctde,2640,23.6,2.1999999999999997,24.46
sctde,2641,25.4,2.244994432064365,24.45
sctde,2642,24.5,2.5,24.369999999999997
sctde,2643,23.7,2.3685438564654024,24.24
sctde,2644,25.9,2.9137604568666933,24.27
sctde,2645,24.6,2.4576411454889016,24.37
sctde,2646,24.6,2.0099751242241775,24.44
sctde,2647,24.2,2.85657137141714,24.43
sctde,2648,25.1,3.618010503025109,24.530000000000005
sctde,2649,25.9,2.118962010041709,24.75
sctde,2650,25.5,2.8722813232690143,24.94
sctde,2651,24.8,1.7204650534085253,24.880000000000003
sctde,2652,25.1,1.5132745950421556,24.94
sctde,2653,23.6,2.009975124224178,24.930000000000003
sctde,2654,25.2,0.9797958971132712,24.860000000000003
sctde,2655,23.2,2.181742422927143,24.720000000000002
sctde,2656,25.4,2.1999999999999997,24.8
sctde,2657,24.3,3.1,24.81
sctde,2658,23.5,2.6172504656604803,24.650000000000002
sctde,2659,24.0,2.932575659723036,24.46
sctde,2660,25.3,1.9000000000000001,24.440000000000005
sctde,2661,24.5,3.3541019662496847,24.41
sctde,2662,23.8,2.0880613017821097,24.28
sctde,2663,25.8,2.785677655436824,24.5
sctde,2664,25.9,2.8792360097775935,24.569999999999997
sctde,2665,24.3,2.1000000000000005,24.679999999999996
sctde,2666,25.0,2.0,24.64
sctde,2667,23.4,3.1999999999999997,24.55
sctde,2668,24.8,2.9597297173897483,24.680000000000003
sctde,2669,24.7,3.407345007480164,24.75
sctde,2670,26.1,3.014962686336267,24.83
sctde,2671,24.6,2.1540659228538015,24.84
sctde,2672,24.9,2.5079872407968904,24.950000000000003
sctde,2673,25.0,3.1937438845342623,24.870000000000005
sctde,2674,23.6,1.624807680927192,24.64
sctde,2675,24.3,1.8466185312619388,24.64
sctde,2676,24.2,1.7776388834631176,24.560000000000002
sctde,2677,24.6,2.009975124224178,24.68
sctde,2678,25.3,1.676305461424021,24.730000000000004
sctde,2679,24.9,1.6401219466856727,24.750000000000007
sctde,2680,24.6,2.576819745345025,24.6
sctde,2681,24.7,2.147091055358389,24.61
sctde,2682,24.2,2.5219040425836985,24.540000000000006
sctde,2683,24.2,3.3105890714493698,24.46
sctde,2684,24.0,1.9493588689617927,24.5
sctde,2685,24.3,2.934280150224242,24.5
sctde,2686,23.8,2.891366458960192,24.459999999999997
sctde,2687,24.1,1.5779733838059504,24.41
sctde,2688,25.0,2.6832815729997477,24.380000000000003
sctde,2689,23.9,2.6248809496813377,24.28
sctde,2690,24.2,2.315167380558045,24.240000000000002
sctde,2691,25.1,2.736786436680802,24.280000000000005
sctde,2692,23.9,2.467792535850613,24.250000000000004
sctde,2693,25.9,3.2388269481403293,24.42
sctde,2694,23.7,2.451530134426253,24.390000000000004
sctde,2695,24.4,2.90516780926679,24.400000000000002
sctde,2696,25.7,2.0024984394500787,24.590000000000003
sctde,2697,25.4,1.8,24.720000000000002
sctde,2698,23.8,2.4413111231467406,24.6
sctde,2699,24.7,1.7916472867168918,24.679999999999996
sctde,2700,25.1,2.467792535850613,24.77
sctde,2701,23.2,2.6758176320519302,24.580000000000002
sctde,2702,24.4,2.0099751242241783,24.630000000000006
sctde,2703,25.1,4.182104733265297,24.550000000000008
sctde,2704,23.4,2.009975124224178,24.520000000000003
sctde,2705,24.4,2.8,24.520000000000003
sctde,2706,24.4,2.537715508089904,24.390000000000004
sctde,2707,24.8,1.9899748742132397,24.330000000000002
sctde,2708,23.7,2.238302928559939,24.320000000000004
sctde,2709,26.0,2.932575659723036,24.450000000000003
sctde,2710,24.8,1.1661903789690602,24.42
sctde,2711,24.2,2.039607805437114,24.520000000000003
sctde,2712,24.8,2.6,24.56
sctde,2713,25.9,1.9209372712298547,24.64
sctde,2714,24.5,2.692582403567252,24.75
sctde,2715,25.9,2.50798724079689,24.900000000000002
sctde,2716,24.4,2.33238075793812,24.900000000000002
sctde,2717,24.9,1.9209372712298545,24.910000000000004
sctde,2718,23.0,1.6733200530681511,24.84
sctde,2719,23.1,2.808914381037628,24.550000000000004
sctde,2720,24.4,2.33238075793812,24.51
sctde,2721,23.5,1.5652475842498528,24.44
sctde,2722,23.6,3.2924155266308652,24.320000000000004
sctde,2723,24.7,2.193171219946131,24.200000000000003
sctde,2724,25.3,2.193171219946131,24.28
sctde,2725,26.4,2.33238075793812,24.330000000000002
sctde,2726,25.2,2.1354156504062622,24.41
sctde,2727,24.2,2.0880613017821097,24.340000000000003
sctde,2728,24.4,3.583294573433783,24.48
sctde,2729,25.6,2.727636339397171,24.730000000000004
sctde,2730,26.2,1.5362291495737217,24.91
sctde,2731,23.9,2.2561028345356955,24.95
sctde,2732,24.9,2.736786436680802,25.08
sctde,2733,24.4,3.4698703145794942,25.05
sctde,2734,25.2,1.2489995996796797,25.04
sctde,2735,23.9,2.773084924772409,24.79
sctde,2736,23.8,1.5999999999999999,24.65
sctde,2737,24.1,1.8681541692269403,24.64
sctde,2738,25.2,1.8330302779823358,24.72
sctde,2739,26.1,2.7,24.77
sctde,2740,24.5,2.4596747752497685,24.6
sctde,2741,24.3,2.758622844826744,24.64
sctde,2742,24.4,2.416609194718914,24.59
sctde,2743,24.5,1.9621416870348585,24.6
sctde,2744,25.6,1.3564659966250538,24.64
sctde,2745,25.8,2.821347195933177,24.83
sctde,2746,24.2,1.9390719429665315,24.869999999999997
sctde,2747,23.7,2.758622844826744,24.830000000000002
sctde,2748,24.0,2.4899799195977463,24.71
sctde,2749,24.5,2.9068883707497264,24.55
sctde,2750,24.3,2.3259406699226015,24.529999999999998
sctde,2751,22.6,2.2449944320643644,24.36
sctde,2752,25.8,2.08806130178211,24.500000000000007
sctde,2753,24.4,2.1071307505705477,24.490000000000006
sctde,2754,24.2,1.8867962264113207,24.35
sctde,2755,25.7,2.325940669922602,24.340000000000003
sctde,2756,24.4,2.33238075793812,24.360000000000003
sctde,2757,23.2,2.7129319932501073,24.310000000000002
sctde,2758,26.3,2.0999999999999996,24.54
sctde,2759,24.2,2.2271057451320084,24.509999999999998
sctde,2760,25.0,1.5491933384829668,24.58
sctde,2761,25.3,3.1638584039112754,24.85
sctde,2762,25.4,2.690724809414742,24.810000000000002
sctde,2763,26.0,2.7202941017470885,24.970000000000002
sctde,2764,25.8,2.1354156504062622,25.130000000000003
sctde,2765,24.7,3.1,25.03
sctde,2766,23.4,3.261901286060018,24.930000000000003
sctde,2767,24.5,2.6172504656604803,25.06
sctde,2768,25.6,2.2449944320643644,24.990000000000002
sctde,2769,22.8,2.521904042583698,24.85
sctde,2770,24.0,2.8635642126552705,24.75
sctde,2771,25.6,1.9595917942265426,24.78
sctde,2772,23.5,2.7294688127912363,24.590000000000003
sctde,2773,24.5,2.4596747752497685,24.44
sctde,2774,24.7,2.3259406699226015,24.330000000000002
sctde,2775,24.9,3.1448370387032774,24.35
sctde,2776,25.0,2.0976176963403033,24.509999999999998
sctde,2777,23.7,2.758622844826744,24.430000000000003
sctde,2778,25.6,2.4576411454889016,24.430000000000007
sctde,2779,25.0,2.1447610589527217,24.650000000000006
sctde,2780,24.1,2.5475478405713994,24.66
sctde,2781,24.7,3.0675723300355937,24.570000000000004
sctde,2782,24.9,2.8442925306655784,24.71
sctde,2783,24.4,2.2449944320643644,24.700000000000006
sctde,2784,25.4,2.727636339397171,24.77
sctde,2785,25.1,1.8138357147217055,24.790000000000003
sctde,2786,25.6,1.685229954635272,24.85
sctde,2787,25.3,2.794637722496424,25.010000000000005
sctde,2788,25.0,1.5491933384829668,24.950000000000003
sctde,2789,24.0,2.792848008753788,24.85
sctde,2790,24.8,2.6,24.920000000000005
sctde,2791,25.0,2.4083189157584592,24.95
sctde,2792,25.7,2.147091055358389,25.030000000000005
sctde,2793,25.0,3.1622776601683795,25.090000000000003
sctde,2794,25.2,1.7776388834631176,25.070000000000004
sctde,2795,24.6,2.537715508089904,25.020000000000003
sctde,2796,25.2,2.6381811916545836,24.98
sctde,2797,24.5,2.0124611797498106,24.900000000000002
sctde,2798,25.2,2.85657137141714,24.919999999999998
sctde,2799,25.2,3.8935844667863573,25.04
sctde,2800,24.7,1.7349351572897471,25.029999999999998
sctde,2801,24.1,2.6248809496813377,24.939999999999998
sctde,2802,25.0,2.4083189157584592,24.869999999999997
sctde,2803,25.8,2.7129319932501073,24.949999999999996
sctde,2804,25.0,2.0,24.93
sctde,2805,24.7,2.1,24.939999999999998
sctde,2806,24.9,2.211334438749598,24.910000000000004
sctde,2807,25.6,2.9051678092667896,25.020000000000003
sctde,2808,23.9,3.2388269481403293,24.89
sctde,2809,24.5,3.2326459750489227,24.820000000000004
sctde,2810,26.2,2.2271057451320084,24.970000000000002
sctde,2811,24.3,1.7916472867168918,24.990000000000002
sctde,2812,24.9,2.118962010041709,24.980000000000004
sctde,2813,25.3,3.1320919526731648,24.930000000000007
sctde,2814,24.7,2.0024984394500787,24.900000000000006
sctde,2815,25.3,2.1000000000000005,24.96
sctde,2816,25.8,1.4,25.050000000000004
sctde,2817,24.5,3.4132096331752027,24.94
sctde,2818,26.6,1.4966629547095769,25.21
sctde,2819,23.0,2.280350850198276,25.06
sctde,2820,24.2,2.481934729198171,24.86
sctde,2821,25.5,1.6881943016134133,24.98
sctde,2822,25.8,2.181742422927143,25.07
sctde,2823,24.0,2.7202941017470885,24.940000000000005
sctde,2824,24.3,2.2825424421026654,24.9
sctde,2825,25.2,1.4,24.889999999999997
sctde,2826,24.0,2.32379000772445,24.71
sctde,2827,24.7,2.6095976701399777,24.730000000000004
sctde,2828,23.8,2.4819347291981715,24.45
sctde,2829,25.6,2.8705400188814645,24.71
sctde,2830,24.9,2.3853720883753127,24.78
sctde,2831,24.5,3.138470965295043,24.680000000000003
sctde,2832,24.9,2.5475478405713994,24.590000000000003
sctde,2833,25.1,2.507987240796891,24.7
sctde,2834,25.8,3.249615361854384,24.85000000000001
sctde,2835,24.2,2.1354156504062622,24.750000000000007
sctde,2836,24.3,2.9342801502242426,24.78
sctde,2837,24.5,3.0083217912982647,24.76
sctde,2838,24.3,2.570992026436488,24.81
sctde,2839,26.1,2.118962010041709,24.86
sctde,2840,24.6,2.2,24.830000000000002
sctde,2841,24.9,2.4269322199023193,24.869999999999997
sctde,2842,25.8,2.6,24.96
sctde,2843,24.6,2.2891046284519194,24.909999999999997
sctde,2844,24.9,1.3,24.82
sctde,2845,23.1,2.6248809496813372,24.710000000000004
sctde,2846,24.8,1.5999999999999999,24.759999999999998
sctde,2847,24.5,1.8027756377319946,24.76
sctde,2848,24.6,2.244994432064365,24.790000000000003
sctde,2849,23.5,2.4596747752497685,24.530000000000005
sctde,2850,24.6,3.1048349392520045,24.530000000000005
sctde,2851,25.6,1.854723699099141,24.60000000000001
sctde,2852,24.6,2.835489375751565,24.480000000000004
sctde,2853,25.6,2.7640549922170505,24.580000000000005
sctde,2854,25.1,2.1189620100417086,24.600000000000005
sctde,2855,23.4,2.4979991993593593,24.630000000000003
sctde,2856,23.9,1.972308292331602,24.540000000000006
sctde,2857,24.4,2.90516780926679,24.530000000000005
sctde,2858,24.9,1.7,24.560000000000002
sctde,2859,24.6,1.4966629547095767,24.67
sctde,2860,25.3,2.1,24.740000000000002
sctde,2861,24.9,2.467792535850613,24.67
sctde,2862,24.5,2.5,24.66
sctde,2863,26.0,1.7888543819998317,24.7
sctde,2864,25.3,2.147091055358389,24.720000000000002
sctde,2865,25.3,2.451530134426253,24.910000000000007
sctde,2866,22.6,3.006659275674582,24.78000000000001
sctde,2867,24.8,1.5999999999999999,24.820000000000004
sctde,2868,25.8,1.8330302779823358,24.910000000000004
sctde,2869,23.6,2.4576411454889016,24.810000000000002
sctde,2870,23.9,2.9137604568666933,24.67
sctde,2871,23.7,2.0024984394500787,24.55
sctde,2872,25.5,1.6881943016134133,24.650000000000006
sctde,2873,25.9,2.5865034312755126,24.640000000000004
sctde,2874,25.3,2.282542442102666,24.640000000000004
sctde,2875,24.3,2.968164415931166,24.540000000000003
sctde,2876,24.9,2.8089143810376282,24.770000000000003
sctde,2877,24.2,2.0396078054371136,24.71
sctde,2878,24.2,2.4,24.550000000000004
sctde,2879,25.1,2.947880594596735,24.700000000000006
sctde,2880,25.9,1.7000000000000002,24.9
sctde,2881,25.4,2.6532998322843198,25.07
sctde,2882,24.9,2.3430749027719964,25.009999999999998
sctde,2883,23.8,2.08806130178211,24.8
sctde,2884,24.4,1.6248076809271923,24.71
sctde,2885,25.5,2.8722813232690143,24.830000000000002
sctde,2886,23.6,2.416609194718914,24.700000000000003
sctde,2887,24.6,2.1540659228538015,24.740000000000002
sctde,2888,26.3,2.3259406699226015,24.95
sctde,2889,23.9,1.8681541692269403,24.830000000000002
sctde,2890,25.1,2.507987240796891,24.750000000000004
sctde,2891,25.1,1.7578395831246947,24.720000000000006
sctde,2892,24.5,2.6172504656604803,24.680000000000003
sctde,2893,25.2,2.5612496949731396,24.820000000000004
sctde,2894,24.0,2.23606797749979,24.78
sctde,2895,24.1,2.022374841615669,24.640000000000004
sctde,2896,23.9,1.374772708486752,24.669999999999998
sctde,2897,25.6,1.7435595774162695,24.770000000000003
sctde,2898,24.1,1.9209372712298547,24.55
sctde,2899,24.6,1.907878402833891,24.62
sctde,2900,25.0,2.6076809620810595,24.610000000000003
sctde,2901,24.2,1.9899748742132397,24.520000000000003
sctde,2902,25.1,1.6401219466856727,24.580000000000002
sctde,2903,23.8,1.16619037896906,24.440000000000005
sctde,2904,25.1,2.071231517720798,24.550000000000004
sctde,2905,25.8,2.521904042583698,24.720000000000006
sctde,2906,25.0,2.0,24.830000000000005
sctde,2907,26.3,3.6891733491393435,24.900000000000002
sctde,2908,25.1,2.5079872407968904,25.0
sctde,2909,25.2,2.891366458960192,25.06
sctde,2910,24.3,2.0024984394500787,24.990000000000002
sctde,2911,25.8,2.181742422927143,25.15
sctde,2912,24.6,2.2891046284519194,25.1
sctde,2913,25.1,1.8138357147217055,25.23
sctde,2914,24.7,1.9,25.19
sctde,2915,24.5,1.91049731745428,25.06
sctde,2916,24.0,2.04939015319192,24.96
sctde,2917,24.4,2.33238075793812,24.77
sctde,2918,23.6,3.2924155266308657,24.62
sctde,2919,25.3,2.1931712199461306,24.630000000000006
sctde,2920,23.3,1.7916472867168916,24.53
sctde,2921,25.1,2.3853720883753127,24.460000000000004
sctde,2922,25.7,1.7916472867168916,24.570000000000004
sctde,2923,24.3,1.8466185312619388,24.490000000000006
sctde,2924,25.8,4.044749683231337,24.6
sctde,2925,24.4,1.562049935181331,24.59
sctde,2926,24.9,1.972308292331602,24.68
sctde,2927,24.7,2.238302928559939,24.71
sctde,2928,24.9,1.5132745950421558,24.840000000000003
sctde,2929,25.3,1.7349351572897471,24.840000000000003
sctde,2930,24.0,1.5491933384829668,24.909999999999997
sctde,2931,24.7,2.3259406699226015,24.869999999999997
sctde,2932,24.3,2.9342801502242426,24.729999999999997
sctde,2933,25.7,2.9681644159311658,24.869999999999997
sctde,2934,25.0,2.792848008753788,24.790000000000003
sctde,2935,24.4,2.3323807579381204,24.790000000000003
sctde,2936,24.8,2.925747767665559,24.78
sctde,2937,24.9,3.8845849199110063,24.800000000000004
sctde,2938,24.6,3.0724582991474434,24.770000000000003
sctde,2939,24.4,2.3323807579381204,24.680000000000003
sctde,2940,23.4,3.7735924528226414,24.620000000000005
sctde,2941,25.0,1.8973665961010275,24.650000000000002
sctde,2942,26.3,2.6095976701399777,24.85
sctde,2943,24.9,3.1764760348537187,24.769999999999996
sctde,2944,24.0,3.3166247903554,24.669999999999995
sctde,2945,25.0,2.04939015319192,24.729999999999997
sctde,2946,25.0,1.7320508075688772,24.75
sctde,2947,24.5,2.539685019840059,24.71
sctde,2948,25.6,1.9078784028338913,24.810000000000002
sctde,2949,25.2,2.5612496949731396,24.889999999999997
sctde,2950,24.2,2.3579652245103193,24.97
sctde,2951,26.1,2.4269322199023193,25.08
sctde,2952,25.3,2.41039415863879,24.980000000000004
sctde,2953,22.8,2.5612496949731396,24.770000000000003
sctde,2954,25.6,1.9595917942265424,24.930000000000007
sctde,2955,26.0,1.9493588689617927,25.03000000000001
sctde,2956,24.7,1.5524174696260022,25.000000000000007
sctde,2957,24.6,2.1071307505705477,25.010000000000005
sctde,2958,23.8,2.9597297173897483,24.83
sctde,2959,24.9,2.7367864366808017,24.799999999999997
sctde,2960,26.6,2.576819745345025,25.040000000000003
sctde,2961,25.5,1.857417562100671,24.980000000000004
sctde,2962,25.3,3.163858403911275,24.980000000000004
sctde,2963,24.6,2.6153393661244038,25.160000000000007
sctde,2964,25.7,1.8466185312619385,25.170000000000005
sctde,2965,25.0,2.0,25.070000000000004
sctde,2966,24.9,2.879236009777594,25.090000000000003
sctde,2967,24.4,3.2310988842807022,25.070000000000004
sctde,2968,25.6,3.6386810797320503,25.25
sctde,2969,25.4,2.4576411454889016,25.300000000000004
sctde,2970,25.5,2.539685019840059,25.19
sctde,2971,24.8,2.7129319932501077,25.12
sctde,2972,23.7,2.491987158875422,24.960000000000004
sctde,2973,25.4,2.0591260281974,25.040000000000003
sctde,2974,25.1,1.9209372712298547,24.980000000000004
sctde,2975,23.9,1.9209372712298547,24.870000000000005
sctde,2976,24.2,2.2715633383201093,24.800000000000004
sctde,2977,25.8,2.9933259094191533,24.939999999999998
sctde,2978,24.8,2.6381811916545836,24.859999999999996
sctde,2979,25.4,1.9595917942265422,24.860000000000003
sctde,2980,24.7,2.8653097563788803,24.779999999999998
sctde,2981,25.4,1.9595917942265422,24.839999999999996
sctde,2982,25.5,1.857417562100671,25.02
sctde,2983,27.4,2.1999999999999997,25.22
sctde,2984,24.4,2.7640549922170505,25.150000000000002
sctde,2985,25.1,2.118962010041709,25.270000000000003
sctde,2986,24.2,2.4413111231467406,25.270000000000003
sctde,2987,25.0,1.6733200530681511,25.190000000000005
sctde,2988,23.3,1.345362404707371,25.04
sctde,2989,24.7,2.685144316419511,24.97
sctde,2990,24.2,2.3579652245103193,24.92
sctde,2991,24.6,1.7435595774162698,24.840000000000003
sctde,2992,24.9,2.8442925306655784,24.78
sctde,2993,24.7,2.9681644159311658,24.510000000000005
sctde,2994,24.8,1.5362291495737217,24.55
sctde,2995,25.7,2.5709920264364885,24.610000000000003
sctde,2996,24.1,2.4269322199023193,24.6
sctde,2997,24.7,2.72213151776324,24.570000000000004
sctde,2998,25.3,3.8223029707232787,24.770000000000003
sctde,2999,24.1,1.5779733838059502,24.710000000000004
